GROUP,CONAME,DIST,DISTNAME,PP3VV,STPCT01VV,LTPCT01VV,FDPCT01VV,TUPCT01VV,FBPCT01VV,OTPCT01VV,STRAT01VV,SSRAT01VV,SARAT01VV,PCTSEVV,CO,OTHER01
D. K-8 / 751 +,ATLANTIC,10,ABSECON CITY,13491,0.166,0.772,0.06,0.003,0,0,12.7,141.8,212.8,0.106,1,4.656613E-10
G. K-12 / 3501 +,ATLANTIC,110,ATLANTIC CITY,25490,0.148,0.713,0.048,0.074,0,0.017,9.7,106.4,152.3,0.140,1,1.1175871E-8
J. VOC,ATLANTIC,120,ATLANTIC CO VOCATIONAL,17691,0.324,0.384,0.038,0.254,0,0,12.6,138.2,138.2,0.131,1,0
I. CSSD,ATLANTIC,125,ATLANTIC CO SPECIAL SERV,50536,0.074,0.214,0.007,0.706,0,0,6.3,13.7,64.4,1.000,1,0
D. K-8 / 751 +,ATLANTIC,570,BRIGANTINE CITY,21131,0.151,0.817,0.03,0,0,0.002,11.6,72.5,159.4,0.109,1,9.313226E-10
F. K-12 / 1801 - 3500,ATLANTIC,590,BUENA REGIONAL,17275,0.513,0.296,0.067,0.123,0,0.001,14.5,91.6,145.5,0.150,1,126224
C. K-8 / 401 - 750,ATLANTIC,1300,EGG HARBOR CITY,22402,0.629,0.245,0.126,0,0,0,9,57.8,92.4,0.164,1,0
G. K-12 / 3501 +,ATLANTIC,1310,EGG HARBOR TWP,15257,0.395,0.569,0.034,0.003,0,0,13.6,84.4,210.3,0.108,1,7.4505806E-9
B. K-8 / 0 - 400,ATLANTIC,1410,ESTELL MANOR CITY,16670,0.446,0.515,0.039,0,0,0,15.7,87.7,83.9,0.119,1,0
C. K-8 / 401 - 750,ATLANTIC,1540,FOLSOM BORO,15211,0.733,0.228,0.031,0.007,0,0.001,12.8,72.4,132.7,0.111,1,0
D. K-8 / 751 +,ATLANTIC,1690,GALLOWAY TWP,16130,0.435,0.486,0.038,0.002,0.036,0.003,11.4,80.5,203.6,0.136,1,43923
H. 7-12 / 9-12,ATLANTIC,1790,GREATER EGG HARBOR REG,18256,0.515,0.443,0.033,0.009,0,0,14.3,126.2,128.4,0.165,1,12378
D. K-8 / 751 +,ATLANTIC,1940,HAMILTON TWP,14707,0.532,0.413,0.053,0.001,0,0.001,13,112.6,246.8,0.137,1,3.7252903E-9
G. K-12 / 3501 +,ATLANTIC,1960,HAMMONTON TOWN,13046,0.33,0.378,0.045,0.23,0,0.017,14.9,110.9,198.8,0.159,1,-3.72529E-9
D. K-8 / 751 +,ATLANTIC,2680,LINWOOD CITY,16533,0.158,0.806,0.019,0,0.017,0,11,74.5,150.2,0.147,1,4.656613E-10
H. 7-12 / 9-12,ATLANTIC,2910,MAINLAND REGIONAL,18749,0.319,0.662,0.019,0,0,0,12.9,76.9,160.3,0.156,1,0
C. K-8 / 401 - 750,ATLANTIC,3020,MARGATE CITY,21064,0.1,0.818,0.022,0.06,0,0,10.6,70.8,129.3,0.095,1,3832
C. K-8 / 401 - 750,ATLANTIC,3480,MULLICA TWP,15875,0.566,0.331,0.082,0.002,0,0.019,12.6,100,140,0.097,1,9.313226E-10
D. K-8 / 751 +,ATLANTIC,3720,NORTHFIELD CITY,14091,0.32,0.646,0.034,0,0,0,13.2,102.9,250,0.125,1,0
G. K-12 / 3501 +,ATLANTIC,4180,PLEASANTVILLE CITY,25812,0.84,0.103,0.053,0.001,0,0.003,9.1,63.3,122.1,0.127,1,1038541
B. K-8 / 0 - 400,ATLANTIC,4240,PORT REPUBLIC CITY,16283,0.384,0.579,0.034,0.004,0,0,7.9,0,78,0.094,1,0
D. K-8 / 751 +,ATLANTIC,4800,SOMERS POINT CITY,15663,0.398,0.512,0.088,0.002,0,0,10.5,70.9,150.9,0.135,1,-9.31323E-10
D. K-8 / 751 +,ATLANTIC,5350,VENTNOR CITY,18351,0.129,0.823,0.048,0,0,0,12.1,109.2,196.6,0.078,1,-4.65661E-10
B. K-8 / 0 - 400,ATLANTIC,5760,WEYMOUTH TWP,15709,0.547,0.415,0.034,0,0,0.004,9.7,70.3,105.5,0.043,1,1000
K. CHARTER,ATLANTIC,6612,GALLOWAY COMMUNITY CS,15641,0.57,0.356,0.074,0,0,0,8.5,213,71,0.075,80,0
K. CHARTER,ATLANTIC,7410,CHARTER~TECH HIGH SCHOOL,15419,0.129,0.824,0.047,0,0,0,10.5,88.4,70.3,0.161,80,0
K. CHARTER,ATLANTIC,7420,OCEANSIDE CS,17418,0.053,0.842,0.103,0,0,0.002,11.8,171.5,68.6,0.164,80,0
K. CHARTER,ATLANTIC,7520,PLEASANTECH ACADEMY CS,0,0,0,0,0,0,0,0,0,0,0,80,0
D. K-8 / 751 +,BERGEN,40,ALLENDALE BORO,15429,0.094,0.869,0.017,0.005,0,0.015,15.1,92.9,191.4,0.054,3,6479
B. K-8 / 0 - 400,BERGEN,80,ALPINE BORO,24823,0.063,0.926,0.011,0,0,0,7.9,49.7,45.3,0.136,3,0
I. CSSD,BERGEN,285,BERGEN CO SPECIAL SERVICE,89831,0.071,0.283,0.005,0.641,0,0,3.8,5.8,42.9,1.000,3,7.4505806E-9
J. VOC,BERGEN,290,BERGEN COUNTY VOCATIONAL,34227,0.132,0.494,0.074,0.299,0,0.001,10.3,64.2,147.1,0.174,3,50000
G. K-12 / 3501 +,BERGEN,300,BERGENFIELD BORO,16925,0.22,0.723,0.036,0.02,0,0.001,13.1,62,157.3,0.138,3,3.7252903E-9
E. K-12 / 0 - 1800,BERGEN,440,BOGOTA BORO,17074,0.312,0.652,0.036,0,0,0,13.2,69.2,157.2,0.130,3,44.000000001
C. K-8 / 401 - 750,BERGEN,740,CARLSTADT BORO,19077,0.075,0.898,0.024,0.003,0,0,14.1,96.9,118.2,0.111,3,64919
H. 7-12 / 9-12,BERGEN,745,CARLSTADT-EAST RUTHERFORD,24567,0.051,0.888,0.017,0,0.044,0,13.8,123.3,109.6,0.143,3,3306
F. K-12 / 1801 - 3500,BERGEN,890,CLIFFSIDE PARK BORO,15315,0.127,0.628,0.034,0.153,0.058,0,15,108.2,213.9,0.145,3,2.7939677E-9
D. K-8 / 751 +,BERGEN,930,CLOSTER BORO,15518,0.077,0.894,0.022,0.007,0,0,13.8,78.1,187.5,0.088,3,1.9999999991
E. K-12 / 0 - 1800,BERGEN,990,CRESSKILL BORO,15954,0.1,0.847,0.016,0.038,0,0,14.1,94.7,174.1,0.119,3,0
C. K-8 / 401 - 750,BERGEN,1070,DEMAREST BORO,19547,0.071,0.904,0.021,0.004,0,0,10.7,60.2,165.5,0.119,3,2.328306E-10
F. K-12 / 1801 - 3500,BERGEN,1130,DUMONT BORO,16105,0.25,0.726,0.023,0,0,0.001,13.4,93.4,162,0.086,3,12366
D. K-8 / 751 +,BERGEN,1230,EAST RUTHERFORD BORO,18966,0.104,0.86,0.029,0.007,0,0,12.2,72.4,131,0.128,3,-4.65661E-10
A. K-6,BERGEN,1270,EDGEWATER BORO,17071,0.065,0.843,0.014,0,0.076,0.002,14.3,123.6,206,0.071,3,4.656613E-10
F. K-12 / 1801 - 3500,BERGEN,1345,ELMWOOD PARK,14999,0.137,0.828,0.035,0,0,0,15.1,94.5,159.3,0.151,3,20766
E. K-12 / 0 - 1800,BERGEN,1360,EMERSON BORO,15702,0.081,0.884,0.021,0.006,0.009,0,13.4,87.1,125.2,0.119,3,1.3969839E-9
F. K-12 / 1801 - 3500,BERGEN,1370,ENGLEWOOD CITY,22264,0.211,0.742,0.046,0.001,0,0,11.2,58.8,161.8,0.113,3,53519
C. K-8 / 401 - 750,BERGEN,1380,ENGLEWOOD CLIFFS BORO,21390,0.08,0.836,0.011,0.015,0.058,0,11.6,68.6,174.2,0.115,3,-2.32831E-10
G. K-12 / 3501 +,BERGEN,1450,FAIR LAWN BORO,17079,0.1,0.875,0.018,0.006,0,0.001,13,80.8,203.7,0.169,3,17774
D. K-8 / 751 +,BERGEN,1470,FAIRVIEW BORO,13514,0.345,0.569,0.086,0,0,0,16.2,132.9,175.8,0.114,3,0
G. K-12 / 3501 +,BERGEN,1550,FORT LEE BORO,15568,0.083,0.87,0.031,0,0.016,0,13.6,85.4,193.1,0.101,3,-1.862645E-9
D. K-8 / 751 +,BERGEN,1580,FRANKLIN LAKES BORO,20267,0.076,0.858,0.016,0.051,0,0,10.2,54.7,158.1,0.143,3,9.313226E-10
G. K-12 / 3501 +,BERGEN,1700,GARFIELD CITY,17674,0.688,0.271,0.041,0,0,0,12.1,85.7,185.8,0.116,3,303283
F. K-12 / 1801 - 3500,BERGEN,1760,GLEN ROCK BORO,18576,0.086,0.881,0.019,0,0,0.014,12,76.2,162.6,0.120,3,494510
G. K-12 / 3501 +,BERGEN,1860,HACKENSACK CITY,18153,0.197,0.696,0.033,0.074,0,0,13.6,90.1,146.7,0.124,3,41005
C. K-8 / 401 - 750,BERGEN,2050,HARRINGTON PARK BORO,15557,0.085,0.858,0.014,0,0.043,0,12.6,83.8,229,0.105,3,2.328306E-10
E. K-12 / 0 - 1800,BERGEN,2080,HASBROUCK HEIGHTS BORO,15641,0.097,0.878,0.021,0.004,0,0,14.5,88.8,198.1,0.105,3,-1.862645E-9
C. K-8 / 401 - 750,BERGEN,2090,HAWORTH BORO,18098,0.071,0.911,0.017,0,0,0.001,12.7,44.6,464,0.093,3,9.313226E-10
D. K-8 / 751 +,BERGEN,2180,HILLSDALE BORO,14760,0.1,0.873,0.023,0.004,0,0,13.7,102.8,199.7,0.150,3,81076
C. K-8 / 401 - 750,BERGEN,2200,HO HO KUS BORO,15503,0.08,0.867,0.021,0.033,0,0,13.5,85.7,206.3,0.114,3,-4.65661E-10
F. K-12 / 1801 - 3500,BERGEN,2620,LEONIA BORO,16814,0.165,0.613,0.019,0.201,0,0.002,11,63.7,129.3,0.126,3,83371
D. K-8 / 751 +,BERGEN,2710,LITTLE FERRY BORO,14800,0.113,0.849,0.035,0.003,0,0,13.8,98.3,168.9,0.076,3,-1.396984E-9
F. K-12 / 1801 - 3500,BERGEN,2740,LODI BOROUGH,15927,0.283,0.656,0.03,0,0.032,0,14.3,114,182.4,0.082,3,1299
F. K-12 / 1801 - 3500,BERGEN,2860,LYNDHURST TWP,15698,0.102,0.87,0.028,0,0,0,14.3,88.1,155.6,0.137,3,3.7252903E-9
F. K-12 / 1801 - 3500,BERGEN,2900,MAHWAH TWP,17521,0.08,0.896,0.024,0,0,0,13.3,98,168.6,0.127,3,291
D. K-8 / 751 +,BERGEN,3060,MAYWOOD BORO,15848,0.108,0.853,0.028,0.01,0,0.001,14.3,91.5,231,0.132,3,99997
E. K-12 / 0 - 1800,BERGEN,3170,MIDLAND PARK BORO,17586,0.081,0.898,0.02,0,0,0.001,11.7,63.1,150.8,0.131,3,1.3969839E-9
D. K-8 / 751 +,BERGEN,3330,MONTVALE BORO,14237,0.093,0.886,0.019,0.001,0,0.001,12.9,99.2,165.3,0.102,3,66487
B. K-8 / 0 - 400,BERGEN,3350,MOONACHIE BORO,21345,0.071,0.838,0.033,0.058,0,0,10.5,193.6,90.3,0.188,3,2.328306E-10
F. K-12 / 1801 - 3500,BERGEN,3550,NEW MILFORD BORO,14436,0.116,0.853,0.03,0,0,0.001,14.3,94.7,188.5,0.128,3,239
E. K-12 / 0 - 1800,BERGEN,3600,NORTH ARLINGTON BORO,15848,0.112,0.847,0.039,0.002,0,0,13.6,105.8,115.7,0.142,3,0
H. 7-12 / 9-12,BERGEN,3700,NORTHERN HIGHLANDS REG,19411,0.088,0.753,0.015,0.14,0,0.004,12,99.7,141.5,0.113,3,-9.31323E-10
H. 7-12 / 9-12,BERGEN,3710,NORTHERN VALLEY REGIONAL,20900,0.094,0.879,0.017,0.005,0.005,0,12.6,59.1,124.8,0.175,3,259993
C. K-8 / 401 - 750,BERGEN,3730,NORTHVALE BORO,14896,0.085,0.848,0.014,0.053,0,0,12.4,95.3,218.9,0.108,3,22420
C. K-8 / 401 - 750,BERGEN,3740,NORWOOD BORO,15328,0.096,0.879,0.013,0,0,0.012,13.4,87.3,359.4,0.108,3,13837
D. K-8 / 751 +,BERGEN,3760,OAKLAND BORO,15940,0.08,0.899,0.021,0,0,0,14,60.2,210.8,0.124,3,1786
D. K-8 / 751 +,BERGEN,3850,OLD TAPPAN BORO,16046,0.09,0.892,0.017,0.001,0,0,12,86.9,165.2,0.084,3,2.328306E-10
A. K-6,BERGEN,3870,ORADELL BORO,13860,0.094,0.878,0.024,0.004,0,0,13.3,155.9,172.8,0.102,3,77705
E. K-12 / 0 - 1800,BERGEN,3910,PALISADES PARK,15715,0.128,0.806,0.055,0,0.011,0,11.6,68.4,131,0.122,3,-4.65661E-10
G. K-12 / 3501 +,BERGEN,3930,PARAMUS BORO,18152,0.08,0.883,0.033,0.005,0,0,13.1,67.2,180.7,0.135,3,-5.587935E-9
E. K-12 / 0 - 1800,BERGEN,3940,PARK RIDGE BORO,18658,0.077,0.905,0.016,0.002,0,0,11.6,65.9,112,0.141,3,0
H. 7-12 / 9-12,BERGEN,3960,PASCACK VALLEY REGIONAL,22836,0.077,0.894,0.023,0.006,0,0,13.1,73.8,98.6,0.153,3,27545
H. 7-12 / 9-12,BERGEN,4300,RAMAPO-INDIAN HILL REG,20533,0.075,0.89,0.014,0.001,0,0.02,11.4,96,93.7,0.145,3,-1.862645E-9
F. K-12 / 1801 - 3500,BERGEN,4310,RAMSEY BORO,17774,0.073,0.882,0.017,0.028,0,0,12.7,75.3,189.7,0.124,3,-3.72529E-9
E. K-12 / 0 - 1800,BERGEN,4370,RIDGEFIELD BORO,18690,0.132,0.533,0.021,0.304,0,0.01,11.1,55.5,158,0.245,3,183744
F. K-12 / 1801 - 3500,BERGEN,4380,RIDGEFIELD PARK TWP,15466,0.2,0.641,0.029,0.13,0,0,13,81,127.6,0.120,3,0
G. K-12 / 3501 +,BERGEN,4390,RIDGEWOOD VILLAGE,16456,0.084,0.868,0.02,0.005,0.022,0.001,14,89.1,229.2,0.121,3,-3.72529E-9
H. 7-12 / 9-12,BERGEN,4405,RIVER DELL REGIONAL,18429,0.084,0.877,0.027,0.012,0,0,14.1,87.2,135.9,0.128,3,-1.396984E-9
A. K-6,BERGEN,4410,RIVER EDGE BORO,14156,0.114,0.823,0.036,0.027,0,0,14.2,77.1,217.3,0.100,3,4.656613E-10
D. K-8 / 751 +,BERGEN,4430,RIVER VALE TWP,15505,0.086,0.901,0.01,0.001,0,0.002,13.9,91.3,277.4,0.123,3,-9.31323E-10
C. K-8 / 401 - 750,BERGEN,4470,ROCHELLE PARK TWP,18280,0.091,0.888,0.021,0,0,0,11.3,69.7,151,0.101,3,-4.65661E-10
F. K-12 / 1801 - 3500,BERGEN,4600,RUTHERFORD BORO,16555,0.121,0.862,0.017,0.001,0,0,12.7,89.6,151.2,0.090,3,0
E. K-12 / 0 - 1800,BERGEN,4610,SADDLE BROOK TWP,17449,0.091,0.888,0.021,0,0,0,13.3,62.6,191.3,0.197,3,5049
A. K-6,BERGEN,4620,SADDLE RIVER BORO,19145,0.074,0.883,0.027,0.016,0,0,9.4,84.4,57,0.123,3,0
B. K-8 / 0 - 400,BERGEN,4870,SOUTH HACKENSACK TWP,23886,0.064,0.899,0.02,0.007,0,0.01,10.5,94.3,155,0.078,3,4610
G. K-12 / 3501 +,BERGEN,5150,TEANECK TWP,21648,0.118,0.849,0.031,0.002,0,0,12,72.8,182,0.155,3,-1.862645E-9
G. K-12 / 3501 +,BERGEN,5160,TENAFLY BORO,17415,0.092,0.862,0.017,0.012,0,0.017,12.5,84.1,150.1,0.123,3,331471
D. K-8 / 751 +,BERGEN,5330,UPPER SADDLE RIVER BORO,16047,0.085,0.885,0.013,0.006,0,0.011,13.6,81.9,160,0.163,3,0
E. K-12 / 0 - 1800,BERGEN,5410,WALDWICK BORO,17076,0.097,0.884,0.018,0.001,0,0,11.9,77.7,149.6,0.144,3,12628
E. K-12 / 0 - 1800,BERGEN,5430,WALLINGTON BORO,14180,0.223,0.74,0.037,0,0,0,13.6,87.6,113.3,0.089,3,-9.31323E-10
F. K-12 / 1801 - 3500,BERGEN,5755,WESTWOOD REGIONAL,18195,0.085,0.887,0.026,0.001,0,0.001,12.4,76.9,124.2,0.122,3,103509
E. K-12 / 0 - 1800,BERGEN,5830,WOOD-RIDGE BORO,14954,0.09,0.81,0.031,0.069,0,0,14.7,111.9,177.3,0.115,3,26251
D. K-8 / 751 +,BERGEN,5880,WOODCLIFF LAKE BORO,18132,0.076,0.902,0.019,0.003,0,0,13.2,74.3,136.2,0.131,3,6.984919E-10
D. K-8 / 751 +,BERGEN,5920,WYCKOFF TWP,15505,0.082,0.892,0.022,0.004,0,0,13.3,69.2,230.3,0.086,3,9243
K. CHARTER,BERGEN,6013,BERGEN ARTS AND SCIENCES CS,11632,0.474,0.5,0.026,0,0,0,12.9,505,252.5,0.063,80,0
K. CHARTER,BERGEN,6430,ENGLEWOOD ON THE PALISADES CS,17374,0.115,0.83,0.055,0,0,0,9.7,0,97,0.051,80,0
K. CHARTER,BERGEN,7890,TEANECK COMMUNITY CS,15988,0.137,0.846,0.017,0,0,0,11.8,204,139.1,0.101,80,0
A. K-6,BURLINGTON,200,BASS RIVER TWP,17618,0.43,0.501,0.069,0,0,0,9.5,66.1,119,0.092,5,0
B. K-8 / 0 - 400,BURLINGTON,380,BEVERLY CITY,20152,0.554,0.387,0.06,0,0,0,9,440,264,0.144,5,0
F. K-12 / 1801 - 3500,BURLINGTON,475,BORDENTOWN REGIONAL,16193,0.246,0.695,0.032,0.026,0,0.001,14.1,58.9,129.5,0.138,5,0
F. K-12 / 1801 - 3500,BURLINGTON,600,BURLINGTON CITY,20904,0.649,0.259,0.038,0.052,0,0.002,11,68.4,145.2,0.170,5,149081
I. CSSD,BURLINGTON,605,BURLINGTON CO SPEC SERV,55102,0.065,0.125,0.004,0.806,0,0,6.6,15.8,68.6,0.988,5,0
J. VOC,BURLINGTON,610,BURLINGTON CO VOCATIONAL,21639,0.385,0.466,0.034,0.115,0,0,13.1,74.9,167.1,0.229,5,0
G. K-12 / 3501 +,BURLINGTON,620,BURLINGTON TWP,15204,0.365,0.607,0.025,0.003,0,0,13.4,94.3,194.5,0.118,5,3.7252903E-9
A. K-6,BURLINGTON,830,CHESTERFIELD TWP,16369,0.09,0.844,0.024,0.004,0,0.038,13.6,101.5,137,0.108,5,702277
F. K-12 / 1801 - 3500,BURLINGTON,840,CINNAMINSON TWP,17642,0.264,0.708,0.026,0.002,0,0,12.4,82.4,157.1,0.137,5,0
B. K-8 / 0 - 400,BURLINGTON,1030,DELANCO TWP,16876,0.287,0.619,0.03,0,0.059,0.005,13.3,87.6,155,0.139,5,49100
F. K-12 / 1801 - 3500,BURLINGTON,1060,DELRAN TWP,14843,0.318,0.651,0.031,0,0,0,14.6,96,164.2,0.120,5,-1.862645E-9
C. K-8 / 401 - 750,BURLINGTON,1250,EASTAMPTON TWP,15950,0.509,0.461,0.03,0,0,0,12.7,81.9,152.9,0.124,5,9005
D. K-8 / 751 +,BURLINGTON,1280,EDGEWATER PARK TWP,16350,0.441,0.511,0.048,0,0,0,12.5,85.3,121.9,0.116,5,376768
D. K-8 / 751 +,BURLINGTON,1420,EVESHAM TWP,16248,0.221,0.707,0.021,0.001,0.048,0.002,12,76,197.1,0.166,5,147500
E. K-12 / 0 - 1800,BURLINGTON,1520,FLORENCE TWP,17487,0.378,0.584,0.036,0.002,0,0,12.4,79.5,161.3,0.111,5,286309
C. K-8 / 401 - 750,BURLINGTON,1910,HAINESPORT TWP,14142,0.193,0.767,0.026,0.011,0,0.003,13.1,91.2,351,0.134,5,9
H. 7-12 / 9-12,BURLINGTON,2610,LENAPE REGIONAL,19265,0.243,0.743,0.013,0,0,0.001,12.6,85.5,193.9,0.148,5,-7.450581E-9
D. K-8 / 751 +,BURLINGTON,2850,LUMBERTON TWP,14659,0.413,0.555,0.032,0,0,0,14.9,70.9,184.2,0.171,5,0
A. K-6,BURLINGTON,2960,MANSFIELD TWP,15061,0.124,0.859,0.014,0.003,0,0,13.5,85.5,177.5,0.120,5,12.000000001
F. K-12 / 1801 - 3500,BURLINGTON,3010,MAPLE SHADE TWP,15714,0.298,0.656,0.039,0.007,0,0,14,97,164.2,0.200,5,-1.862645E-9
C. K-8 / 401 - 750,BURLINGTON,3070,MEDFORD LAKES BORO,13209,0.199,0.773,0.027,0,0,0.001,13.1,89,135.8,0.103,5,-4.65661E-10
D. K-8 / 751 +,BURLINGTON,3080,MEDFORD TWP,15615,0.15,0.833,0.017,0,0,0,15.1,72.4,217.3,0.125,5,413068
G. K-12 / 3501 +,BURLINGTON,3360,MOORESTOWN TWP,16453,0.111,0.843,0.024,0.022,0,0,13.2,71.3,164.9,0.107,5,112
D. K-8 / 751 +,BURLINGTON,3430,MOUNT HOLLY TWP,18804,0.559,0.356,0.071,0.014,0,0,11.4,76.4,124.1,0.161,5,0
D. K-8 / 751 +,BURLINGTON,3440,MOUNT LAUREL TWP,15634,0.129,0.835,0.023,0.005,0.005,0.003,12.8,72.8,195.2,0.147,5,9750
B. K-8 / 0 - 400,BURLINGTON,3540,NEW HANOVER TWP,20253,0.457,0.294,0.246,0,0,0.003,10.8,68.8,68.8,0.110,5,47071
A. K-6,BURLINGTON,3650,NORTH HANOVER TWP,21800,0.475,0.1,0.425,0,0,0,10.7,55.8,146.4,0.148,5,0
H. 7-12 / 9-12,BURLINGTON,3690,NORTHERN BURLINGTON REG,18679,0.405,0.551,0.039,0.005,0,0,12.7,89.1,134.3,0.150,5,1.8626451E-9
E. K-12 / 0 - 1800,BURLINGTON,3920,PALMYRA BORO,16789,0.334,0.515,0.043,0.109,0,0,11.6,66.9,124.8,0.157,5,9.313226E-10
G. K-12 / 3501 +,BURLINGTON,4050,PEMBERTON TWP,21986,0.835,0.115,0.046,0.004,0,0,10.7,51.8,146.1,0.129,5,0
H. 7-12 / 9-12,BURLINGTON,4320,RANCOCAS VALLEY REGIONAL,16243,0.485,0.453,0.02,0.042,0,0,16.8,123.6,161.7,0.170,5,27745
E. K-12 / 0 - 1800,BURLINGTON,4450,RIVERSIDE TWP,15924,0.54,0.33,0.05,0.079,0,0.001,12.2,92.3,153.9,0.176,5,2061
B. K-8 / 0 - 400,BURLINGTON,4460,RIVERTON,15397,0.138,0.839,0.02,0.003,0,0,13.2,55.8,139.5,0.133,5,3.49246E-10
D. K-8 / 751 +,BURLINGTON,4740,SHAMONG TWP,15211,0.341,0.635,0.021,0,0,0.003,13.5,83.4,187.1,0.099,5,76129
D. K-8 / 751 +,BURLINGTON,4930,SOUTHAMPTON TWP,16988,0.21,0.767,0.023,0,0,0,11.6,79.8,133,0.165,5,-9.31323E-10
A. K-6,BURLINGTON,5010,SPRINGFIELD TWP,16466,0.299,0.676,0.025,0,0,0,11.5,77.8,102.9,0.125,5,-4.65661E-10
D. K-8 / 751 +,BURLINGTON,5130,TABERNACLE TWP,16188,0.445,0.516,0.028,0.011,0,0,13.3,81.8,154.8,0.103,5,6009
B. K-8 / 0 - 400,BURLINGTON,5490,WASHINGTON TWP,22272,0.348,0.631,0.021,0,0,0,7.1,61,0,0.148,5,-1.16415E-10
D. K-8 / 751 +,BURLINGTON,5720,WESTAMPTON,13953,0.313,0.658,0.028,0,0,0.001,14.2,95.1,179.8,0.114,5,8902
G. K-12 / 3501 +,BURLINGTON,5805,WILLINGBORO TWP,16523,0.578,0.365,0.054,0.003,0,0,12.7,104,134.1,0.138,5,0
B. K-8 / 0 - 400,BURLINGTON,5890,WOODLAND TWP,17617,0.377,0.561,0.034,0,0.029,0,10.4,144,80,0.104,5,0
K. CHARTER,BURLINGTON,6026,RIVERBANK CHARTER SCHOOL OF EXCELLENCE,9267,0.4,0.585,0.015,0,0,0,13.1,118,90.8,0.008,80,0
K. CHARTER,BURLINGTON,6044,RENAISSANCE REGIONAL LEADERSHIP CS,9430,0.833,0.143,0.024,0,0,0,20.9,0,136,0.081,80,0
E. K-12 / 0 - 1800,CAMDEN,150,AUDUBON BORO,16027,0.377,0.48,0.025,0.118,0,0,12.1,72.4,151.6,0.186,7,-9.31323E-10
C. K-8 / 401 - 750,CAMDEN,190,BARRINGTON BORO,15838,0.265,0.703,0.032,0,0,0,11.9,83.9,207,0.111,7,0
D. K-8 / 751 +,CAMDEN,260,BELLMAWR BORO,12815,0.399,0.548,0.052,0,0,0.001,14.5,143.3,191,0.110,7,0
D. K-8 / 751 +,CAMDEN,330,BERLIN BORO,12698,0.378,0.592,0.026,0.004,0,0,15.2,73.3,196,0.126,7,-9.31323E-10
C. K-8 / 401 - 750,CAMDEN,340,BERLIN TWP,17952,0.402,0.566,0.024,0.007,0,0.001,9.2,55.4,121.9,0.202,7,0
H. 7-12 / 9-12,CAMDEN,390,BLACK HORSE PIKE REGIONAL,16025,0.52,0.449,0.03,0,0,0.001,15.9,112.9,133.6,0.142,7,0
B. K-8 / 0 - 400,CAMDEN,580,BROOKLAWN BORO,13875,0.708,0.228,0.05,0,0,0.014,11.8,243.3,292,0.123,7,0
G. K-12 / 3501 +,CAMDEN,680,CAMDEN CITY,22306,0.865,0.034,0.072,0.001,0.026,0.002,9.6,67.7,93.6,0.161,7,698874
J. VOC,CAMDEN,700,CAMDEN COUNTY VOCATIONAL,19102,0.508,0.267,0.098,0.128,0,0,14.2,87.4,127.8,0.245,7,3.7252903E-9
G. K-12 / 3501 +,CAMDEN,800,CHERRY HILL TWP,15704,0.123,0.839,0.035,0.003,0,0,13.5,73.3,263.8,0.147,7,-1.117587E-8
C. K-8 / 401 - 750,CAMDEN,880,CLEMENTON BORO,17549,0.592,0.355,0.046,0.007,0,0,10.6,63.8,168,0.147,7,3865
F. K-12 / 1801 - 3500,CAMDEN,940,COLLINGSWOOD BORO,17274,0.361,0.46,0.035,0.144,0,0,11.6,87.4,111.1,0.131,7,286066
H. 7-12 / 9-12,CAMDEN,1255,EASTERN CAMDEN COUNTY REG,15724,0.301,0.665,0.026,0.003,0.004,0.001,15.2,112.7,162.9,0.111,7,1.8626451E-9
B. K-8 / 0 - 400,CAMDEN,1720,GIBBSBORO BORO,18488,0.371,0.604,0.025,0,0,0,10.6,72.9,145.9,0.117,7,4.656613E-10
F. K-12 / 1801 - 3500,CAMDEN,1770,GLOUCESTER CITY,22023,0.831,0.086,0.049,0.029,0,0.005,10.2,57.8,157.8,0.165,7,270891
D. K-8 / 751 +,CAMDEN,1780,GLOUCESTER TWP,13662,0.531,0.41,0.04,0,0.018,0.001,14,84.6,228.7,0.122,7,0
E. K-12 / 0 - 1800,CAMDEN,1880,HADDON HEIGHTS BORO,16912,0.133,0.481,0.024,0.36,0,0.002,11.3,72.5,121.3,0.107,7,-1.862645E-9
F. K-12 / 1801 - 3500,CAMDEN,1890,HADDON TWP,14659,0.308,0.654,0.033,0.005,0,0,15.3,103.4,163.5,0.135,7,-1.862645E-9
F. K-12 / 1801 - 3500,CAMDEN,1900,HADDONFIELD BORO,14723,0.086,0.882,0.027,0.006,0,0,14.2,72.8,181.8,0.162,7,2.7939677E-9
A. K-6,CAMDEN,2540,LAUREL SPRINGS BORO,13917,0.377,0.582,0.04,0,0,0.001,13,87.4,207.5,0.114,7,50000
B. K-8 / 0 - 400,CAMDEN,2560,LAWNSIDE BORO,21110,0.412,0.511,0.074,0,0,0.003,10.5,126.5,84.3,0.117,7,0
F. K-12 / 1801 - 3500,CAMDEN,2670,LINDENWOLD BORO,18252,0.611,0.287,0.078,0.006,0.018,0,10.6,73.7,124.8,0.137,7,3.7252903E-9
C. K-8 / 401 - 750,CAMDEN,2890,MAGNOLIA BORO,16805,0.476,0.449,0.074,0,0,0.001,11.6,81.3,219.5,0.146,7,0
B. K-8 / 0 - 400,CAMDEN,3110,MERCHANTVILLE BORO,16483,0.3,0.634,0.057,0.002,0,0.007,12.6,92,322,0.006,7,5528
C. K-8 / 401 - 750,CAMDEN,3420,MOUNT EPHRAIM BORO,15528,0.389,0.554,0.027,0.03,0,0,16.4,118,118,0.199,7,-9.31323E-10
E. K-12 / 0 - 1800,CAMDEN,3770,OAKLYN BORO,15657,0.327,0.522,0.036,0.116,0,0,10.9,86.4,160,0.134,7,0
G. K-12 / 3501 +,CAMDEN,4060,PENNSAUKEN TWP,16919,0.531,0.374,0.047,0.006,0.042,0,13.4,107.7,223.8,0.198,7,1418262
F. K-12 / 1801 - 3500,CAMDEN,4110,PINE HILL BORO,19074,0.507,0.3,0.043,0.15,0,0,11.2,69.5,133.6,0.185,7,22258
D. K-8 / 751 +,CAMDEN,4590,RUNNEMEDE BORO,14632,0.435,0.522,0.041,0.003,0,0,12.5,75.7,166.6,0.125,7,0
C. K-8 / 401 - 750,CAMDEN,4790,SOMERDALE BORO,13954,0.441,0.511,0.049,0,0,0,13.3,89.1,146.8,0.116,7,4.656613E-10
H. 7-12 / 9-12,CAMDEN,5035,STERLING HIGH SCHOOL DIST,16736,0.404,0.445,0.044,0.107,0,0,13.2,93.2,84.4,0.147,7,0
D. K-8 / 751 +,CAMDEN,5080,STRATFORD BORO,14089,0.409,0.5,0.042,0.046,0,0.003,14.4,89.6,177.2,0.152,7,0
D. K-8 / 751 +,CAMDEN,5400,VOORHEES TWP,16169,0.151,0.746,0.02,0,0.083,0,13.2,76.6,198.7,0.123,7,3.7252903E-9
A. K-6,CAMDEN,5560,WATERFORD TWP,14678,0.474,0.467,0.028,0.005,0,0.026,13.1,63.5,161.6,0.134,7,1.8626451E-9
G. K-12 / 3501 +,CAMDEN,5820,WINSLOW TWP,18194,0.501,0.424,0.045,0.025,0.005,0,11.6,66.6,213.2,0.130,7,-7.450581E-9
C. K-8 / 401 - 750,CAMDEN,5900,WOODLYNNE BORO,16584,0.657,0.174,0.103,0.003,0.064,0,12.6,97.7,143.3,0.173,7,58802
K. CHARTER,CAMDEN,6024,CAMDEN'S PRIDE CHARTER SCHHOL,18844,0.811,0.044,0.145,0,0,0,8.7,83.5,167,0.036,80,0
K. CHARTER,CAMDEN,6027,INSTITUTE OF EXCELLENCE CHARTER SCHOOL,11374,0.49,0.436,0.074,0,0,0,15.8,160,177.8,0.038,80,0
K. CHARTER,CAMDEN,6212,CAMDEN ACADEMY CHARTER HS,17727,0.849,0.067,0.084,0,0,0,10.5,58.4,170.4,0.110,80,0
K. CHARTER,CAMDEN,6215,CAMDEN'S PROMISE CS,23924,0.666,0.232,0.102,0,0,0,10.2,199.5,137.6,0.103,80,0
K. CHARTER,CAMDEN,6232,ENVIRONMENT COMMUNITY CS,12600,0.837,0.055,0.108,0,0,0,14,392,653.3,0.026,80,0
K. CHARTER,CAMDEN,6240,FREEDOM ACADEMY CS,14016,0.869,0.057,0.074,0,0,0,12.4,59,118,0.059,80,0
K. CHARTER,CAMDEN,6325,D.U.E. SEASON CS,17986,0.788,0.048,0.164,0,0,0,8.2,124.8,155.9,0.034,80,0
K. CHARTER,CAMDEN,7109,LEAP ACADEMY UNIVERSITY CS,17478,0.818,0.082,0.1,0,0,0,13.9,836,69.7,0.060,80,7484
B. K-8 / 0 - 400,CAPE MAY,170,AVALON BORO,39898,0.073,0.78,0.01,0.011,0,0.126,5.3,42.8,77,0.078,9,503080
A. K-6,CAPE MAY,710,CAPE MAY CITY,22493,0.175,0.467,0.351,0.007,0,0,8.1,155,86.1,0.084,9,0
I. CSSD,CAPE MAY,715,CAPE MAY CO SPECIAL SERV,61624,0.068,0.318,0.012,0.503,0.098,0.001,5.5,10.4,46.8,0.865,9,0
J. VOC,CAPE MAY,720,CAPE MAY CO VOCATIONAL,24506,0.156,0.502,0.025,0.263,0.053,0.001,10.6,141.3,100.9,0.111,9,-1.862645E-9
C. K-8 / 401 - 750,CAPE MAY,1080,DENNIS TWP,18875,0.45,0.524,0.025,0,0,0.001,9.3,48.9,154,0.140,9,9.313226E-10
H. 7-12 / 9-12,CAPE MAY,2820,LOWER CAPE MAY REGIONAL,19165,0.347,0.608,0.042,0.002,0,0.001,11.7,77.2,162.2,0.283,9,0
A. K-6,CAPE MAY,2840,LOWER TWP,14995,0.42,0.539,0.04,0.001,0,0,13.2,93.1,305.7,0.184,9,0
F. K-12 / 1801 - 3500,CAPE MAY,3130,MIDDLE TWP,15819,0.349,0.522,0.038,0.074,0.018,0,12.8,98.6,217.3,0.165,9,0
B. K-8 / 0 - 400,CAPE MAY,3680,NORTH WILDWOOD CITY,24296,0.137,0.695,0.037,0.131,0,0,8.6,75.3,83.1,0.130,9,-9.31323E-10
F. K-12 / 1801 - 3500,CAPE MAY,3780,OCEAN CITY,20343,0.085,0.545,0.022,0.315,0.033,0,10.8,84.1,170.4,0.138,9,19.999999996
A. K-6,CAPE MAY,4700,SEA ISLE CITY,24406,0.093,0.788,0.02,0,0.099,0,6,48,80,0.083,9,-2.32831E-10
B. K-8 / 0 - 400,CAPE MAY,5060,STONE HARBOR BORO,24818,0.067,0.855,0.012,0.066,0,0,6.3,50,75,0.040,9,-2.32831E-10
D. K-8 / 751 +,CAPE MAY,5340,UPPER TWP,15945,0.307,0.642,0.03,0.022,0,0,12.9,76.9,178.9,0.100,9,1.8626451E-9
A. K-6,CAPE MAY,5610,WEST CAPE MAY BORO,26236,0.184,0.774,0.025,0.017,0,0,6.8,200,26.7,0.050,9,489
E. K-12 / 0 - 1800,CAPE MAY,5790,WILDWOOD CITY,26532,0.311,0.454,0.075,0.108,0.052,0,8.4,63,121.5,0.209,9,1.8626451E-9
B. K-8 / 0 - 400,CAPE MAY,5800,WILDWOOD CREST BORO,23006,0.12,0.836,0.023,0.008,0.012,0.001,9.9,60.9,140,0.161,9,4.656613E-10
B. K-8 / 0 - 400,CAPE MAY,5840,WOODBINE BORO,20304,0.652,0.236,0.111,0,0,0.001,9,214,107,0.136,9,-4.65661E-10
G. K-12 / 3501 +,CUMBERLAND,540,BRIDGETON CITY,16189,0.83,0.067,0.095,0.008,0,0,12.2,86.2,152.2,0.076,11,266722
C. K-8 / 401 - 750,CUMBERLAND,950,COMMERCIAL TWP,15809,0.784,0.131,0.085,0,0,0,11.4,82,187.4,0.140,11,0
J. VOC,CUMBERLAND,995,CUMBERLAND CO VOCATIONAL,13424,0.47,0.375,0.04,0.116,0,0,25.9,153.9,129.3,0.176,11,0
H. 7-12 / 9-12,CUMBERLAND,997,CUMBERLAND REGIONAL,19426,0.594,0.357,0.047,0,0,0.002,14.5,119.1,131.1,0.167,11,5974
B. K-8 / 0 - 400,CUMBERLAND,1020,DEERFIELD TWP,14935,0.509,0.437,0.052,0,0,0.002,12.4,209.4,188.5,0.114,11,0
B. K-8 / 0 - 400,CUMBERLAND,1120,DOWNE TWP,18222,0.566,0.344,0.061,0.029,0,0,9.6,101.9,135.8,0.147,11,0
C. K-8 / 401 - 750,CUMBERLAND,1460,FAIRFIELD TWP,15849,0.803,0.126,0.07,0,0,0.001,11.2,154,308,0.094,11,-9.31323E-10
B. K-8 / 0 - 400,CUMBERLAND,1820,GREENWICH TWP,17503,0.348,0.603,0.044,0.005,0,0,10.6,0,48.7,0.096,11,0
C. K-8 / 401 - 750,CUMBERLAND,2270,HOPEWELL TWP,15827,0.483,0.454,0.049,0.014,0,0,14.1,85.8,140,0.124,11,-4.65661E-10
C. K-8 / 401 - 750,CUMBERLAND,2570,LAWRENCE TWP,16629,0.697,0.233,0.061,0.005,0,0.004,9.6,220.5,152.1,0.086,11,0
B. K-8 / 0 - 400,CUMBERLAND,3050,MAURICE RIVER TWP,15389,0.591,0.366,0.042,0.001,0,0,12.6,189.5,172.3,0.129,11,0
G. K-12 / 3501 +,CUMBERLAND,3230,MILLVILLE CITY,17217,0.76,0.114,0.078,0.049,0,0,12.3,82.5,149.7,0.172,11,0
B. K-8 / 0 - 400,CUMBERLAND,5070,STOW CREEK TWP,14081,0.482,0.477,0.037,0.004,0,0,12.2,135,135,0.022,11,0
D. K-8 / 751 +,CUMBERLAND,5300,UPPER DEERFIELD TWP,17054,0.49,0.439,0.062,0.008,0,0.001,11.9,59.1,148.8,0.163,11,0
G. K-12 / 3501 +,CUMBERLAND,5390,VINELAND CITY,17150,0.836,0.112,0.047,0.004,0,0.001,11.4,63.9,199.4,0.137,11,236619
K. CHARTER,CUMBERLAND,6028,VINELAND PUBLIC CHARTER SCHOOL,10362,0.024,0.863,0.113,0,0,0,12.8,148,61.7,0.000,80,0
G. K-12 / 3501 +,ESSEX,250,BELLEVILLE TOWN,14367,0.424,0.508,0.067,0.001,0,0,13.7,88.1,254.6,0.111,13,3.7252903E-9
G. K-12 / 3501 +,ESSEX,410,BLOOMFIELD TWP,15218,0.269,0.699,0.031,0.001,0,0,13.2,84.1,186.5,0.149,13,0
F. K-12 / 1801 - 3500,ESSEX,660,CALDWELL-WEST CALDWELL,16163,0.083,0.899,0.018,0,0,0,13.3,81.5,183.7,0.142,13,2.7939677E-9
E. K-12 / 0 - 1800,ESSEX,760,CEDAR GROVE TWP,17253,0.081,0.899,0.02,0,0,0,13.4,70.9,187.4,0.110,13,0
G. K-12 / 3501 +,ESSEX,1210,EAST ORANGE,22750,0.862,0.084,0.052,0,0,0.002,11.3,70.5,184.8,0.142,13,311196
J. VOC,ESSEX,1390,ESSEX CO VOC-TECH,21923,0.473,0.144,0.088,0.286,0.01,0,12.4,106.3,146.2,0.121,13,0
A. K-6,ESSEX,1400,ESSEX FELLS BORO,17805,0.073,0.904,0.023,0,0,0,9.1,60.5,121,0.128,13,33513
A. K-6,ESSEX,1465,FAIRFIELD TWP,15332,0.08,0.898,0.019,0.002,0,0.001,13.4,70.7,173.3,0.104,13,2.328306E-10
F. K-12 / 1801 - 3500,ESSEX,1750,GLEN RIDGE BORO,14689,0.071,0.901,0.016,0.012,0,0,13.8,82.2,210.9,0.110,13,736
G. K-12 / 3501 +,ESSEX,2330,IRVINGTON TOWNSHIP,21125,0.821,0.112,0.063,0,0,0.004,12.9,82.6,171.1,0.081,13,0
G. K-12 / 3501 +,ESSEX,2730,LIVINGSTON TWP,17716,0.085,0.895,0.018,0.001,0,0.001,13.7,79.4,182.6,0.128,13,610052
G. K-12 / 3501 +,ESSEX,3190,MILLBURN TWP,17392,0.085,0.884,0.016,0.006,0,0.009,12.7,78.1,196.7,0.120,13,325733
G. K-12 / 3501 +,ESSEX,3310,MONTCLAIR TOWN,17806,0.108,0.861,0.031,0.001,0,0,12.6,70.8,218.2,0.148,13,3.7252903E-9
G. K-12 / 3501 +,ESSEX,3570,NEWARK CITY,21706,0.82,0.11,0.069,0.001,0,0,15.6,37.7,95.8,0.138,13,3441354
A. K-6,ESSEX,3630,NORTH CALDWELL BORO,17249,0.077,0.853,0.012,0.014,0.044,0,10.7,73.6,165.5,0.140,13,-6.98492E-10
G. K-12 / 3501 +,ESSEX,3750,NUTLEY TOWN,15973,0.175,0.796,0.026,0.002,0,0.001,13.1,88.5,214.3,0.134,13,258253
G. K-12 / 3501 +,ESSEX,3880,CITY OF ORANGE TWP,18948,0.85,0.106,0.042,0.001,0,0.001,10.1,65,138,0.147,13,0
A. K-6,ESSEX,4530,ROSELAND BORO,16454,0.099,0.889,0.012,0,0,0,13.6,73.2,177.9,0.110,13,0
G. K-12 / 3501 +,ESSEX,4900,SOUTH ORANGE-MAPLEWOOD,17895,0.086,0.891,0.022,0,0,0.001,12.4,80.1,169.7,0.119,13,50
F. K-12 / 1801 - 3500,ESSEX,5370,VERONA BORO,15190,0.085,0.883,0.025,0.006,0,0.001,14.3,76.9,131,0.106,13,36054
H. 7-12 / 9-12,ESSEX,5630,WEST ESSEX REGIONAL,23249,0.082,0.866,0.012,0.004,0,0.036,11.3,81,115.1,0.140,13,9.313226E-10
G. K-12 / 3501 +,ESSEX,5680,WEST ORANGE TOWN,21236,0.108,0.859,0.032,0.001,0,0,11.8,67.1,186.4,0.164,13,3.7252903E-9
K. CHARTER,ESSEX,6016,ADELAIDE L. SANDFORD CS,15587,0.764,0.136,0.1,0,0,0,15.9,143.5,71.8,0.021,80,0
K. CHARTER,ESSEX,6020,PRIDE ACADEMY CHARTER SCHOOL,15690,0.818,0.11,0.071,0,0,0.001,9.2,119.5,79.7,0.138,80,0
K. CHARTER,ESSEX,6022,BURCH CHARTER SCHOOL OF EXCELLENCE,12066,0.762,0.148,0.09,0,0,0,15.4,213,71,0.047,80,0
K. CHARTER,ESSEX,6029,NEWARK EDUCATORS CHARTER SCHOOL,15255,0.817,0.132,0.051,0,0,0,11.3,249,249,0.049,80,0
K. CHARTER,ESSEX,6037,NEWARK LEGACY CS,16658,0.685,0.264,0.051,0,0,0,12.9,0,48.3,0.077,80,0
K. CHARTER,ESSEX,6038,VISIONS ACADEMY CS,16216,0.772,0.175,0.053,0,0,0,13.4,147,34.2,0.115,80,0
K. CHARTER,ESSEX,6320,DISCOVERY CS,17204,0.802,0.137,0.061,0,0,0,15,0,37.5,0.094,80,0
K. CHARTER,ESSEX,6410,EAST ORANGE COMMUNITY CS,15811,0.8,0.111,0.089,0,0,0,14.8,87.5,122.5,0.064,80,0
K. CHARTER,ESSEX,6665,GRAY CS,16588,0.78,0.11,0.11,0,0,0,11.7,0,135,0.000,80,0
K. CHARTER,ESSEX,7100,LADY LIBERTY ACADEMY CS,16426,0.102,0.834,0.064,0,0,0,9.7,113.5,113.5,0.086,80,0
K. CHARTER,ESSEX,7210,MARION P. THOMAS CS,17287,0.805,0.117,0.078,0,0,0,14.8,136.5,91,0.030,80,0
K. CHARTER,ESSEX,7280,GREATER NEWARK CS,14475,0.819,0.118,0.063,0,0,0,12.9,84,84,0.059,80,0
K. CHARTER,ESSEX,7290,NEW HORIZONS COMM. CS,16132,0.085,0.778,0.137,0,0,0,13.7,112.8,75.2,0.049,80,0
K. CHARTER,ESSEX,7320,NORTH STAR ACAD. CS OF NEWARK,16878,0.078,0.838,0.084,0,0,0,10.7,299,139.6,0.057,80,0
K. CHARTER,ESSEX,7325,TEAM ACADEMY CHARTER SCHOOL,18200,0.106,0.817,0.077,0,0,0,15.2,1279,1279,0.118,80,0
K. CHARTER,ESSEX,7730,ROBERT TREAT ACADEMY CS,15345,0.814,0.139,0.047,0,0,0,13.3,262.5,250,0.023,80,0
K. CHARTER,ESSEX,7735,MARIA L. VARISCO-ROGERS CS,13515,0.796,0.131,0.074,0,0,0,11.4,73.2,91.5,0.052,80,0
K. CHARTER,ESSEX,8065,UNIVERSITY HEIGHTS CS,16641,0.789,0.14,0.071,0,0,0,10.6,185.8,74.3,0.072,80,0
E. K-12 / 0 - 1800,GLOUCESTER,860,CLAYTON BORO,15961,0.508,0.349,0.082,0.002,0.059,0,13,95.5,133.8,0.115,15,-1.862645E-9
H. 7-12 / 9-12,GLOUCESTER,870,CLEARVIEW REGIONAL,14287,0.465,0.504,0.023,0.005,0.003,0,14.4,122.7,170.7,0.109,15,3.7252903E-9
G. K-12 / 3501 +,GLOUCESTER,1100,DEPTFORD TWP,14858,0.399,0.525,0.043,0.001,0.032,0,13.2,97.5,219.4,0.122,15,750000
A. K-6,GLOUCESTER,1180,EAST GREENWICH TWP,13032,0.24,0.731,0.028,0,0,0.001,13.9,99.3,202.6,0.097,15,9.313226E-10
A. K-6,GLOUCESTER,1330,ELK TWP,13966,0.486,0.416,0.047,0.051,0,0,11.5,107.8,194,0.116,15,-4.65661E-10
A. K-6,GLOUCESTER,1590,FRANKLIN TWP,13201,0.481,0.468,0.039,0.012,0,0,14.4,117.7,201.7,0.111,15,0
H. 7-12 / 9-12,GLOUCESTER,1715,GATEWAY REGIONAL,21930,0.405,0.545,0.027,0.002,0.021,0,10.6,52.8,78.5,0.204,15,928
F. K-12 / 1801 - 3500,GLOUCESTER,1730,GLASSBORO,17377,0.464,0.474,0.054,0.006,0,0.002,12.9,106.4,203.1,0.155,15,1134
I. CSSD,GLOUCESTER,1774,GLOUCESTER CO SPEC SERV,48060,0.117,0.12,0.057,0.704,0,0.002,5.7,8.9,37.3,0.963,15,0
J. VOC,GLOUCESTER,1775,GLOUCESTER CO VOCATIONAL,18569,0.435,0.408,0.041,0.115,0,0.001,14.6,137.3,145.4,0.182,15,1.8626451E-9
C. K-8 / 401 - 750,GLOUCESTER,1830,GREENWICH TWP,19233,0.135,0.818,0.029,0.018,0,0,10.9,58.7,140.9,0.126,15,9.313226E-10
A. K-6,GLOUCESTER,2070,HARRISON TWP,13309,0.374,0.588,0.029,0.009,0,0,12.9,103.1,212.1,0.052,15,1.8626451E-9
H. 7-12 / 9-12,GLOUCESTER,2440,KINGSWAY REGIONAL,14085,0.308,0.57,0.015,0.107,0,0,14.2,114.4,172.4,0.139,15,0
D. K-8 / 751 +,GLOUCESTER,2750,LOGAN TWP,15289,0.333,0.629,0.026,0.011,0,0.001,11.8,108.6,152.5,0.078,15,8701
A. K-6,GLOUCESTER,2990,MANTUA TWP,14529,0.366,0.588,0.031,0.016,0,0,12.9,80,286.4,0.154,15,0
G. K-12 / 3501 +,GLOUCESTER,3280,MONROE TWP,14182,0.441,0.52,0.034,0.006,0,0,14.5,113.9,266.8,0.165,15,-7.450581E-9
A. K-6,GLOUCESTER,3490,NATIONAL PARK BORO,14881,0.531,0.409,0.039,0.002,0.018,0.001,12.5,169.4,102.9,0.128,15,31466
E. K-12 / 0 - 1800,GLOUCESTER,4020,PAULSBORO BORO,17438,0.613,0.23,0.078,0.078,0,0.001,11.3,79,112.1,0.193,15,-1.862645E-9
E. K-12 / 0 - 1800,GLOUCESTER,4140,PITMAN BORO,15503,0.453,0.499,0.027,0.005,0,0.016,12,76.8,141,0.144,15,855
A. K-6,GLOUCESTER,4880,SOUTH HARRISON TWP,13282,0.294,0.674,0.03,0.001,0,0.001,15,137,137,0.095,15,2.328306E-10
H. 7-12 / 9-12,GLOUCESTER,4940,DELSEA REGIONAL H.S DIST.,16791,0.5,0.452,0.031,0.017,0,0,13.9,92.1,159,0.123,15,0
A. K-6,GLOUCESTER,5120,SWEDESBORO-WOOLWICH,13578,0.32,0.65,0.03,0,0,0,14,139.4,249,0.150,15,80515
G. K-12 / 3501 +,GLOUCESTER,5500,WASHINGTON TWP,16745,0.404,0.536,0.029,0.002,0.028,0.001,12.5,80.5,187.8,0.145,15,9467
A. K-6,GLOUCESTER,5590,WENONAH BORO,12593,0.209,0.763,0.018,0.002,0.004,0.004,11.6,230,253,0.111,15,1
F. K-12 / 1801 - 3500,GLOUCESTER,5620,WEST DEPTFORD TWP,14252,0.299,0.656,0.044,0.001,0,0,16,86,205.4,0.155,15,1.8626451E-9
A. K-6,GLOUCESTER,5740,WESTVILLE BORO,16309,0.506,0.383,0.049,0.046,0.002,0.014,9.8,110,126.9,0.152,15,51028
E. K-12 / 0 - 1800,GLOUCESTER,5860,WOODBURY CITY,18374,0.442,0.389,0.072,0.008,0.078,0.011,11.9,78.5,132.7,0.159,15,19600
A. K-6,GLOUCESTER,5870,WOODBURY HEIGHTS BORO,15465,0.364,0.582,0.054,0,0,0,11,54.5,155.7,0.133,15,2.328306E-10
G. K-12 / 3501 +,HUDSON,220,BAYONNE CITY,14406,0.423,0.477,0.048,0.001,0.051,0,14,145.4,232.6,0.130,17,0
B. K-8 / 0 - 400,HUDSON,1200,EAST NEWARK BORO,14344,0.673,0.266,0.062,0,0,0,14.4,168.6,98.3,0.076,17,0
D. K-8 / 751 +,HUDSON,1850,GUTTENBERG TOWN,11556,0.298,0.568,0.101,0,0.033,0,15.7,141.9,204.4,0.099,17,0
F. K-12 / 1801 - 3500,HUDSON,2060,HARRISON TOWN,19081,0.694,0.226,0.052,0.025,0,0.003,12.9,87.9,109.8,0.118,17,191131
F. K-12 / 1801 - 3500,HUDSON,2210,HOBOKEN CITY,23870,0.335,0.611,0.049,0.004,0,0.001,9.8,46.7,140.2,0.112,17,-3.72529E-9
J. VOC,HUDSON,2295,HUDSON COUNTY VOCATIONAL,39024,0.413,0.468,0.106,0.013,0,0,19.7,119.1,197.4,0.075,17,0
G. K-12 / 3501 +,HUDSON,2390,JERSEY CITY,22397,0.763,0.165,0.072,0,0,0,10.5,68.7,163.4,0.110,17,1500000
G. K-12 / 3501 +,HUDSON,2410,KEARNY TOWN,15838,0.401,0.545,0.051,0,0,0.003,13.2,103.8,203.2,0.119,17,853881
G. K-12 / 3501 +,HUDSON,3610,NORTH BERGEN TWP,14303,0.539,0.356,0.064,0.038,0,0.003,14.6,141.7,201.9,0.124,17,5941
F. K-12 / 1801 - 3500,HUDSON,4730,SECAUCUS TOWN,17272,0.073,0.895,0.032,0,0,0,15.1,116.7,182.9,0.119,17,2.3283064E-9
G. K-12 / 3501 +,HUDSON,5240,UNION CITY,18937,0.84,0.08,0.08,0,0,0,13.2,113.9,157.9,0.110,17,174467
E. K-12 / 0 - 1800,HUDSON,5580,WEEHAWKEN TWP,18539,0.189,0.751,0.057,0.003,0,0,11.9,85.1,126,0.094,17,0
G. K-12 / 3501 +,HUDSON,5670,WEST NEW YORK TOWN,16238,0.819,0.112,0.066,0,0,0.003,12.9,84.9,133.2,0.119,17,395156
K. CHARTER,HUDSON,6030,THE ETHICAL COMMUNITY CHARTER SCHOOL,10813,0.059,0.804,0.137,0,0,0,17.8,0,84.2,0.020,80,0
K. CHARTER,HUDSON,6036,HOLA HOBOKEN DUAL LANG CS,10962,0.087,0.835,0.078,0,0,0,24.8,0,0,0.000,80,0
K. CHARTER,HUDSON,6235,LIBERTY ACADEMY CS,14544,0.151,0.726,0.122,0,0,0.001,10.4,0,90,0.076,80,0
K. CHARTER,HUDSON,6420,ELYSIAN CS OF HOBOKEN,14607,0.42,0.559,0.021,0,0,0,12.1,157.8,142,0.128,80,0
K. CHARTER,HUDSON,6720,HOBOKEN CS,18321,0.932,0.043,0.025,0,0,0,8.3,274,54.8,0.132,80,0
K. CHARTER,HUDSON,6910,JERSEY CITY COMM. CS,14117,0.655,0.2,0.138,0.007,0,0,19,588,588,0.034,80,0
K. CHARTER,HUDSON,6915,JERSEY CITY GOLDEN DOOR,13750,0.729,0.186,0.085,0,0,0,13.9,244,61,0.065,80,0
K. CHARTER,HUDSON,7115,LEARNING COMMUNITY CS,11913,0.152,0.809,0.039,0,0,0,16.6,82.1,158.7,0.080,80,0
K. CHARTER,HUDSON,7820,SCHOMBURG CS,16430,0.657,0.192,0.15,0.001,0,0,11.2,0,78.7,0.135,80,0
K. CHARTER,HUDSON,7830,SOARING HEIGHTS CS,11252,0.727,0.193,0.08,0,0,0,14.5,217,217,0.082,80,0
K. CHARTER,HUDSON,8060,UNIVERSITY ACADEMY CS,13939,0.727,0.197,0.075,0,0,0.001,12,83.8,119.7,0.136,80,0
C. K-8 / 401 - 750,HUNTERDON,20,ALEXANDRIA TWP,18021,0.211,0.71,0.021,0.008,0.025,0.025,10.1,64.7,111.1,0.115,19,8105
C. K-8 / 401 - 750,HUNTERDON,370,BETHLEHEM TWP,18889,0.212,0.756,0.031,0,0,0.001,10.6,56.3,91,0.123,19,4.656613E-10
B. K-8 / 0 - 400,HUNTERDON,430,BLOOMSBURY BORO,13838,0.383,0.53,0.058,0.012,0.017,0,9.6,171.3,152.2,0.102,19,2.328306E-10
B. K-8 / 0 - 400,HUNTERDON,670,CALIFON BORO,16826,0.156,0.819,0.025,0,0,0,9.4,66.8,113.1,0.102,19,0
C. K-8 / 401 - 750,HUNTERDON,910,CLINTON-GLEN GARDNER,16541,0.196,0.762,0.025,0.017,0,0,11.6,74.6,169,0.144,19,0
D. K-8 / 751 +,HUNTERDON,920,CLINTON TWP,17393,0.095,0.842,0.024,0.02,0.019,0,12,58.7,168,0.151,19,7243
C. K-8 / 401 - 750,HUNTERDON,1040,DELAWARE TWP,19658,0.161,0.813,0.018,0.008,0,0,9.9,83.8,109.8,0.156,19,6.984919E-10
H. 7-12 / 9-12,HUNTERDON,1050,DELAWARE VALLEY REGIONAL,18170,0.254,0.716,0.026,0.002,0,0.002,14.9,83.9,141.4,0.149,19,0
C. K-8 / 401 - 750,HUNTERDON,1160,EAST AMWELL TWP,17012,0.127,0.801,0.022,0.015,0.035,0,11.3,66,141.8,0.127,19,4.656613E-10
D. K-8 / 751 +,HUNTERDON,1510,FLEMINGTON-RARITAN REG,16025,0.149,0.809,0.017,0.001,0.024,0,12.1,87.6,181.4,0.116,19,10505
B. K-8 / 0 - 400,HUNTERDON,1600,FRANKLIN TWP,19813,0.107,0.861,0.009,0,0.023,0,12.9,89.4,101.3,0.125,19,372213
B. K-8 / 0 - 400,HUNTERDON,1680,FRENCHTOWN BORO,16801,0.289,0.625,0.042,0.018,0.026,0,11.1,66.8,128.5,0.132,19,0
B. K-8 / 0 - 400,HUNTERDON,1970,HAMPTON BORO,25148,0.369,0.592,0.039,0,0,0,6.7,48.5,68.9,0.168,19,0
B. K-8 / 0 - 400,HUNTERDON,2140,HIGH BRIDGE BORO,19829,0.264,0.682,0.036,0.018,0,0,9.2,62.3,96.5,0.231,19,0
C. K-8 / 401 - 750,HUNTERDON,2220,HOLLAND TWP,17123,0.205,0.731,0.015,0.005,0.045,0,10.7,77.1,163.8,0.131,19,0
H. 7-12 / 9-12,HUNTERDON,2300,HUNTERDON CENTRAL REG,20564,0.119,0.791,0.015,0.002,0.072,0.001,12.5,80.9,145.2,0.151,19,603
J. VOC,HUNTERDON,2308,HUNTERDON CO VOCATIONAL,8768,0.255,0.265,0.031,0.379,0.07,0,26,129.9,122.6,0.227,19,4.656613E-10
C. K-8 / 401 - 750,HUNTERDON,2450,KINGWOOD TWP,17170,0.222,0.713,0.019,0.003,0.043,0,10.7,66.9,133.8,0.096,19,-2.32831E-10
A. K-6,HUNTERDON,2530,LAMBERTVILLE CITY,17694,0.088,0.871,0.023,0.011,0.007,0,12.1,101.1,91,0.170,19,0
A. K-6,HUNTERDON,2590,LEBANON BORO,24477,0.057,0.825,0.02,0,0.098,0,7,30,75,0.093,19,0
C. K-8 / 401 - 750,HUNTERDON,2600,LEBANON TWP,17159,0.194,0.735,0.019,0.003,0.048,0.001,10.9,70,152.6,0.128,19,4.656613E-10
B. K-8 / 0 - 400,HUNTERDON,3180,MILFORD BORO,18417,0.146,0.754,0.034,0.024,0.043,0,9.8,82.9,89.2,0.129,19,-1.74623E-10
H. 7-12 / 9-12,HUNTERDON,3660,N HUNT/VOORHEES REGIONAL,18863,0.13,0.783,0.017,0,0.069,0.001,12.4,71.4,127.5,0.141,19,-3.72529E-9
D. K-8 / 751 +,HUNTERDON,4350,READINGTON TWP,16589,0.093,0.855,0.015,0.001,0.037,0,11.4,69.9,184.3,0.118,19,3.7252903E-9
H. 7-12 / 9-12,HUNTERDON,4890,SOUTH HUNTERDON REGIONAL,29921,0.114,0.853,0.022,0.006,0.004,0.001,8.7,40.4,69.5,0.164,19,312703
A. K-6,HUNTERDON,5050,STOCKTON BORO,19507,0.122,0.788,0.031,0.036,0,0.023,9,430,53.8,0.023,19,19307
C. K-8 / 401 - 750,HUNTERDON,5180,TEWKSBURY TWP,17763,0.09,0.848,0.012,0.004,0.047,0,10.9,74.5,149,0.079,19,-2.32831E-10
C. K-8 / 401 - 750,HUNTERDON,5270,UNION TWP,19833,0.1,0.858,0.016,0.001,0.014,0.011,11.4,88.1,173.3,0.133,19,-9.31323E-10
A. K-6,HUNTERDON,5600,WEST AMWELL TWP,18557,0.095,0.764,0.026,0,0.115,0,10.4,122.5,122.5,0.078,19,24504
G. K-12 / 3501 +,MERCER,1245,EAST WINDSOR REGIONAL,16538,0.26,0.696,0.036,0.008,0,0,13.7,95.9,187.8,0.111,21,3.7252903E-9
G. K-12 / 3501 +,MERCER,1430,EWING TWP,17192,0.187,0.804,0.001,0.007,0,0.001,12.6,78.5,195.9,0.130,21,0
G. K-12 / 3501 +,MERCER,1950,HAMILTON TWP,14497,0.429,0.517,0.044,0,0,0.01,13.6,81,219.9,0.144,21,6979992
G. K-12 / 3501 +,MERCER,2280,HOPEWELL VALLEY REGIONAL,19926,0.08,0.883,0.024,0.003,0.009,0.001,11.7,69.4,152.9,0.133,21,2798
G. K-12 / 3501 +,MERCER,2580,LAWRENCE TWP,18052,0.108,0.834,0.033,0,0.014,0.011,12.2,62.6,158.8,0.122,21,182204
I. CSSD,MERCER,3103,MERCER CO SPECIAL SERVICE,63022,0.098,0.132,0.01,0.76,0,0,5.9,7.2,58.5,1.000,21,0
J. VOC,MERCER,3105,MERCER COUNTY VOCATIONAL,17402,0.201,0.531,0.034,0.234,0,0,19.8,117.7,101.5,0.364,21,0
G. K-12 / 3501 +,MERCER,4255,PRINCETON REGIONAL,22570,0.106,0.804,0.029,0.061,0,0,11.6,61.5,141.2,0.107,21,82305
G. K-12 / 3501 +,MERCER,5210,TRENTON CITY,20340,0.87,0.076,0.054,0,0,0,13.5,74.6,197.3,0.125,21,0
F. K-12 / 1801 - 3500,MERCER,5510,ROBBINSVILLE TWP,14091,0.107,0.875,0.017,0.001,0,0,12.9,84.5,253.5,0.129,21,21703
G. K-12 / 3501 +,MERCER,5715,W WINDSOR-PLAINSBORO REG,16232,0.089,0.873,0.017,0.001,0.019,0.001,13.7,91.2,257.6,0.092,21,1143111
K. CHARTER,MERCER,6017,FOUNDATION ACADEMY CS,15662,0.822,0.107,0.072,0,0,0,14.4,134,91.4,0.105,80,0
K. CHARTER,MERCER,6025,PAUL ROBESON HUMANITIES  CS,13115,0.845,0.085,0.07,0,0,0,10.2,275,91.7,0.126,80,0
K. CHARTER,MERCER,6425,EMILY FISHER CS OF ADV. STUDIES,20136,0.852,0.085,0.063,0,0,0,12.3,278,278,0.389,80,0
K. CHARTER,MERCER,6810,INTERNATIONAL CS OF TRENTON,18736,0.867,0.085,0.048,0,0,0,8,90,90,0.078,80,0
K. CHARTER,MERCER,7500,PACE CS OF HAMILTON,12671,0.084,0.845,0.071,0,0,0,10,0,55,0.009,80,0
K. CHARTER,MERCER,7540,PRINCETON CS,14797,0.12,0.857,0.023,0,0,0,10.9,344,215,0.017,80,9003
K. CHARTER,MERCER,8140,VILLAGE CS,15566,0.812,0.099,0.089,0,0,0,10.8,89.5,179,0.075,80,0
G. K-12 / 3501 +,MIDDLESEX,750,CARTERET BORO,15187,0.535,0.429,0.036,0,0,0,13.6,112.8,179.9,0.093,23,0
C. K-8 / 401 - 750,MIDDLESEX,970,CRANBURY TWP,20012,0.05,0.938,0.012,0,0,0,10.7,89.1,124.4,0.099,23,0
E. K-12 / 0 - 1800,MIDDLESEX,1140,DUNELLEN BORO,14930,0.375,0.582,0.039,0.004,0,0,11.7,104,160.4,0.067,23,9.313226E-10
G. K-12 / 3501 +,MIDDLESEX,1170,EAST BRUNSWICK TWP,17273,0.177,0.797,0.025,0.001,0,0,13,87.3,207.6,0.107,23,1.4901161E-8
G. K-12 / 3501 +,MIDDLESEX,1290,EDISON TWP,15021,0.125,0.845,0.029,0.001,0,0,13.1,101.8,308.4,0.103,23,171025
E. K-12 / 0 - 1800,MIDDLESEX,2150,HIGHLAND PARK BORO,20120,0.178,0.734,0.036,0.002,0.05,0,11.7,60.6,140,0.137,23,9.313226E-10
C. K-8 / 401 - 750,MIDDLESEX,2370,JAMESBURG BORO,14318,0.41,0.55,0.037,0,0.003,0,14.6,82.4,164.8,0.112,23,9.313226E-10
F. K-12 / 1801 - 3500,MIDDLESEX,3120,METUCHEN BORO,17411,0.101,0.867,0.028,0.004,0,0,12.6,90,150.4,0.132,23,-9.31323E-10
F. K-12 / 1801 - 3500,MIDDLESEX,3140,MIDDLESEX BORO,14939,0.322,0.644,0.031,0.002,0,0.001,13,77.2,161.5,0.112,23,-1.862645E-9
J. VOC,MIDDLESEX,3150,MIDDLESEX CO VOCATIONAL,22683,0.327,0.61,0.048,0.015,0,0,13.3,54.6,120.7,0.249,23,0
C. K-8 / 401 - 750,MIDDLESEX,3220,MILLTOWN BORO,15186,0.103,0.866,0.022,0.003,0.007,0,13.1,90.5,169.8,0.078,23,61578
G. K-12 / 3501 +,MIDDLESEX,3290,MONROE TWP,18155,0.073,0.873,0.021,0.032,0,0.001,12.5,73.5,258.4,0.131,23,1578134
G. K-12 / 3501 +,MIDDLESEX,3530,NEW BRUNSWICK CITY,19998,0.774,0.175,0.05,0,0,0.001,12.4,66.4,194.1,0.132,23,-2.980232E-8
G. K-12 / 3501 +,MIDDLESEX,3620,NORTH BRUNSWICK TWP,15641,0.169,0.793,0.038,0,0,0,13.4,108,168.8,0.119,23,2270
G. K-12 / 3501 +,MIDDLESEX,3845,OLD BRIDGE TWP,15093,0.358,0.612,0.029,0.001,0,0,13.6,108.9,229.1,0.121,23,1.4901161E-8
G. K-12 / 3501 +,MIDDLESEX,4090,PERTH AMBOY CITY,17717,0.819,0.13,0.051,0,0,0,13.3,89.5,256.6,0.076,23,185671
G. K-12 / 3501 +,MIDDLESEX,4130,PISCATAWAY TWP,15185,0.195,0.76,0.042,0.003,0,0,14.2,99,237.9,0.118,23,0
G. K-12 / 3501 +,MIDDLESEX,4660,SAYREVILLE BORO,14094,0.295,0.669,0.033,0,0,0.003,13.6,96.8,233.4,0.133,23,1171357
E. K-12 / 0 - 1800,MIDDLESEX,4830,SOUTH AMBOY CITY,15026,0.455,0.49,0.055,0,0,0,14.5,104.3,143.4,0.146,23,-1.862645E-9
G. K-12 / 3501 +,MIDDLESEX,4860,SOUTH BRUNSWICK TWP,15180,0.214,0.733,0.023,0.001,0.029,0,14.2,99.8,197.6,0.109,23,1.4901161E-8
G. K-12 / 3501 +,MIDDLESEX,4910,SOUTH PLAINFIELD BORO,14712,0.211,0.75,0.029,0.01,0,0,12.1,92.1,205.8,0.118,23,-1.862645E-9
F. K-12 / 1801 - 3500,MIDDLESEX,4920,SOUTH RIVER BORO,12710,0.463,0.48,0.056,0.001,0,0,14.5,99.3,197.7,0.125,23,0
E. K-12 / 0 - 1800,MIDDLESEX,4970,SPOTSWOOD BORO,14928,0.264,0.54,0.024,0.171,0,0.001,12.7,102.4,164.7,0.103,23,-9.31323E-10
G. K-12 / 3501 +,MIDDLESEX,5850,WOODBRIDGE TWP,14710,0.174,0.796,0.029,0,0,0.001,12.8,117.4,214.8,0.107,23,-7.450581E-9
K. CHARTER,MIDDLESEX,6032,ACADEMY FOR URBAN LEADERSHIP CS,14697,0.733,0.119,0.147,0,0,0.001,16.5,99,24.8,0.030,80,0
K. CHARTER,MIDDLESEX,6041,HATIKVAH INTERNATIONAL CS,14122,0.227,0.723,0.05,0,0,0,9.8,98,98,0.051,80,0
K. CHARTER,MIDDLESEX,6635,GREATER BRUNSWICK CS,14974,0.596,0.303,0.053,0,0,0.048,11.2,0,124.2,0.108,80,0
F. K-12 / 1801 - 3500,MONMOUTH,100,ASBURY PARK CITY,29095,0.829,0.1,0.062,0.002,0,0.007,7.8,33.4,90.4,0.154,25,157138
A. K-6,MONMOUTH,130,ATLANTIC HIGHLANDS BORO,17365,0.125,0.81,0.026,0.039,0,0,10.4,130,107.6,0.106,25,2486
B. K-8 / 0 - 400,MONMOUTH,180,AVON BORO,18927,0.107,0.814,0.017,0.02,0.043,0,10.4,78.1,96.5,0.049,25,2.328306E-10
C. K-8 / 401 - 750,MONMOUTH,270,BELMAR BORO,17372,0.167,0.606,0.056,0.171,0,0,10.6,95,172.2,0.136,25,9.313226E-10
B. K-8 / 0 - 400,MONMOUTH,500,BRADLEY BEACH BORO,19613,0.21,0.728,0.062,0,0,0,9.7,97.3,97.3,0.134,25,4.656613E-10
C. K-8 / 401 - 750,MONMOUTH,560,BRIELLE BORO,14237,0.076,0.907,0.015,0.003,0,0,15.1,115.9,224,0.101,25,2.328306E-10
D. K-8 / 751 +,MONMOUTH,945,COLTS NECK TWP,19450,0.103,0.857,0.04,0,0,0,10,69.9,135.2,0.124,25,1.3969839E-9
B. K-8 / 0 - 400,MONMOUTH,1000,DEAL BORO,23475,0.059,0.698,0.008,0.083,0.151,0.001,8.7,125,52.6,0.020,25,-1.74623E-10
D. K-8 / 751 +,MONMOUTH,1260,EATONTOWN BORO,19898,0.261,0.69,0.05,0,0,0,10.6,60.1,176.2,0.170,25,0
D. K-8 / 751 +,MONMOUTH,1440,FAIR HAVEN BORO,13278,0.071,0.9,0.024,0.005,0,0,13.8,89.5,170,0.123,25,2.328306E-10
B. K-8 / 0 - 400,MONMOUTH,1490,FARMINGDALE BORO,15982,0.376,0.581,0.031,0.012,0,0,9.1,156,130,0.147,25,2.328306E-10
D. K-8 / 751 +,MONMOUTH,1640,FREEHOLD BORO,16315,0.464,0.394,0.142,0,0,0,11.9,104,128.6,0.134,25,0
H. 7-12 / 9-12,MONMOUTH,1650,FREEHOLD REGIONAL,15357,0.317,0.666,0.017,0,0,0,16.1,129.8,185,0.127,25,7.4505806E-9
D. K-8 / 751 +,MONMOUTH,1660,FREEHOLD TWP,15880,0.112,0.862,0.026,0,0,0,12.8,81.5,197.7,0.128,25,-3.72529E-9
F. K-12 / 1801 - 3500,MONMOUTH,2105,HAZLET TWP,15457,0.257,0.594,0.025,0.002,0,0.122,12.4,104.8,155.2,0.148,25,3.7252903E-9
H. 7-12 / 9-12,MONMOUTH,2120,HENRY HUDSON REGIONAL,24254,0.152,0.825,0.023,0,0,0,10,47.1,98.9,0.221,25,-4.65661E-10
A. K-6,MONMOUTH,2160,HIGHLANDS BORO,19518,0.202,0.681,0.039,0,0.078,0,10.5,82.4,57.2,0.194,25,30827
F. K-12 / 1801 - 3500,MONMOUTH,2230,HOLMDEL TWP,17972,0.101,0.874,0.02,0.004,0,0.001,13.2,82.8,178.4,0.125,25,-9.31323E-10
D. K-8 / 751 +,MONMOUTH,2290,HOWELL TWP,16854,0.34,0.623,0.027,0.01,0,0,13.4,82.1,222.6,0.153,25,7.4505806E-9
E. K-12 / 0 - 1800,MONMOUTH,2400,KEANSBURG BORO,23502,0.818,0.117,0.065,0,0,0,8.6,47.4,106.7,0.171,25,0
E. K-12 / 0 - 1800,MONMOUTH,2430,KEYPORT BORO,18324,0.342,0.45,0.047,0.141,0,0.02,11.5,81.4,114,0.158,25,-9.31323E-10
D. K-8 / 751 +,MONMOUTH,2720,LITTLE SILVER BORO,15941,0.089,0.889,0.022,0,0,0,11.7,70.7,134.3,0.150,25,38448
G. K-12 / 3501 +,MONMOUTH,2770,LONG BRANCH CITY,20140,0.633,0.315,0.05,0.002,0,0,10.6,66.6,190.2,0.099,25,427138
D. K-8 / 751 +,MONMOUTH,2920,MANALAPAN-ENGLISHTOWN REG,15058,0.302,0.669,0.027,0,0,0.002,14.1,91.9,229.3,0.126,25,60881
E. K-12 / 0 - 1800,MONMOUTH,2930,MANASQUAN BORO,15293,0.076,0.514,0.022,0.388,0,0,13.5,80.5,143.2,0.128,25,8896
D. K-8 / 751 +,MONMOUTH,3030,MARLBORO TWP,14914,0.181,0.793,0.024,0.002,0,0,13.5,87,220.9,0.120,25,0
G. K-12 / 3501 +,MONMOUTH,3040,MATAWAN-ABERDEEN REGIONAL,16175,0.238,0.733,0.027,0.002,0,0,12,100,200,0.098,25,315604
G. K-12 / 3501 +,MONMOUTH,3160,MIDDLETOWN TWP,15193,0.17,0.799,0.03,0.001,0,0,14.3,90.1,237.1,0.142,25,2674
D. K-8 / 751 +,MONMOUTH,3200,MILLSTONE TWP,16998,0.155,0.826,0.018,0.001,0,0,13.2,99.2,191,0.189,25,3.7252903E-9
B. K-8 / 0 - 400,MONMOUTH,3250,MONMOUTH BEACH BORO,14374,0.09,0.885,0.017,0,0,0.008,12.1,121.6,101.3,0.063,25,3.49246E-10
J. VOC,MONMOUTH,3260,MONMOUTH CO VOCATIONAL,21927,0.242,0.481,0.027,0.251,0,0,11.6,104.4,147.4,0.164,25,0
H. 7-12 / 9-12,MONMOUTH,3270,MONMOUTH REGIONAL,24754,0.188,0.787,0.025,0,0,0,10.2,58.5,94.7,0.152,25,0
B. K-8 / 0 - 400,MONMOUTH,3500,NEPTUNE CITY,14309,0.257,0.614,0.033,0,0.097,0,12.4,101.5,198,0.130,25,45896
G. K-12 / 3501 +,MONMOUTH,3510,NEPTUNE TWP,20773,0.555,0.375,0.031,0.039,0,0,12.7,73.5,172.3,0.173,25,846000
G. K-12 / 3501 +,MONMOUTH,3810,OCEAN TWP,17599,0.17,0.795,0.036,0,0,0,12.1,71.4,162.3,0.128,25,850000
C. K-8 / 401 - 750,MONMOUTH,3830,OCEANPORT BORO,15451,0.087,0.866,0.032,0.015,0,0,12,92.3,131,0.113,25,-2.32831E-10
D. K-8 / 751 +,MONMOUTH,4360,RED BANK BORO,17881,0.277,0.608,0.113,0.002,0,0,12,73.7,199,0.111,25,1.8626451E-9
H. 7-12 / 9-12,MONMOUTH,4365,RED BANK REGIONAL,23776,0.104,0.731,0.037,0.128,0,0,10.9,68.2,93.8,0.137,25,0
A. K-6,MONMOUTH,4520,ROOSEVELT BORO,19323,0.343,0.603,0.033,0.021,0,0,6.6,56.4,23.8,0.016,25,2.328306E-10
D. K-8 / 751 +,MONMOUTH,4570,RUMSON BORO,15761,0.091,0.877,0.027,0.004,0,0.001,12.7,121.8,324.7,0.114,25,2848829
H. 7-12 / 9-12,MONMOUTH,4580,RUMSON-FAIR HAVEN REG,18250,0.079,0.903,0.01,0.008,0,0,11.8,82.7,106.8,0.142,25,46024
B. K-8 / 0 - 400,MONMOUTH,4690,SEA GIRT BORO,19630,0.066,0.851,0.015,0.029,0,0.039,9,77.9,93.5,0.091,25,2.328306E-10
H. 7-12 / 9-12,MONMOUTH,4760,SHORE REGIONAL,24604,0.071,0.914,0.013,0.001,0,0.001,12.7,89.9,95,0.104,25,14465
C. K-8 / 401 - 750,MONMOUTH,4770,SHREWSBURY BORO,15935,0.08,0.885,0.025,0.01,0,0,11.6,86.8,162,0.111,25,-2.32831E-10
B. K-8 / 0 - 400,MONMOUTH,4980,SPRING LAKE BORO,19677,0.1,0.882,0.018,0,0,0,11.3,59.6,74.4,0.104,25,4.656613E-10
B. K-8 / 0 - 400,MONMOUTH,4990,SPRING LAKE HEIGHTS BORO,15475,0.073,0.87,0.016,0.004,0,0.037,12.1,98.9,173,0.066,25,-4.65661E-10
D. K-8 / 751 +,MONMOUTH,5185,TINTON FALLS,15886,0.192,0.766,0.032,0.001,0,0.009,12,86.9,195.6,0.121,25,1535
C. K-8 / 401 - 750,MONMOUTH,5230,UNION BEACH,15127,0.564,0.392,0.044,0,0,0,14.1,93,167.4,0.119,25,0
F. K-12 / 1801 - 3500,MONMOUTH,5310,UPPER FREEHOLD REGIONAL,16495,0.176,0.556,0.013,0.255,0,0,14,76.7,168.9,0.141,25,445000
G. K-12 / 3501 +,MONMOUTH,5420,WALL TWP,16484,0.104,0.871,0.023,0.002,0,0,12.5,74.1,194.1,0.147,25,1633
C. K-8 / 401 - 750,MONMOUTH,5640,WEST LONG BRANCH BORO,16596,0.088,0.884,0.028,0,0,0,10.2,111.5,164.2,0.139,25,95360
K. CHARTER,MONMOUTH,6010,ACADEMY CHARTER HIGH SCHOOL,19362,0.106,0.807,0.087,0,0,0,9.6,70.4,91.5,0.162,80,0
K. CHARTER,MONMOUTH,6740,HOPE ACADEMY CS,18517,0.636,0.154,0.211,0,0,0,9.7,112.4,50.3,0.063,80,0
K. CHARTER,MONMOUTH,7720,THE RED BANK CS,15438,0.434,0.527,0.039,0,0,0,9.1,175,92.1,0.115,80,0
E. K-12 / 0 - 1800,MORRIS,450,BOONTON TOWN,20559,0.102,0.692,0.024,0.181,0,0.001,10.4,52.3,103.8,0.181,27,280520
C. K-8 / 401 - 750,MORRIS,460,BOONTON TWP,15642,0.07,0.907,0.022,0.001,0,0,13.2,107.1,146.9,0.099,27,6.984919E-10
E. K-12 / 0 - 1800,MORRIS,630,BUTLER BORO,18903,0.149,0.651,0.02,0.18,0,0,11,85.2,140.6,0.179,27,68148
G. K-12 / 3501 +,MORRIS,785,SCH DIST OF THE CHATHAMS,15428,0.087,0.892,0.02,0.001,0,0,14.1,99.8,158,0.129,27,1.8626451E-9
D. K-8 / 751 +,MORRIS,820,CHESTER TWP,16834,0.118,0.856,0.02,0.006,0,0,12.8,83.1,192.4,0.120,27,4.656613E-10
D. K-8 / 751 +,MORRIS,1090,DENVILLE TWP,15956,0.093,0.877,0.028,0.002,0,0,13,65.5,168.6,0.130,27,13
F. K-12 / 1801 - 3500,MORRIS,1110,DOVER TOWN,15110,0.564,0.305,0.077,0.055,0,0,13.2,102,128.6,0.089,27,-3.72529E-9
D. K-8 / 751 +,MORRIS,1190,EAST HANOVER TWP,17684,0.1,0.884,0.015,0,0,0.001,11.8,81.2,186.8,0.144,27,0
D. K-8 / 751 +,MORRIS,1530,FLORHAM PARK BORO,17051,0.079,0.899,0.018,0.004,0,0,12,59.6,146.4,0.098,27,5467
H. 7-12 / 9-12,MORRIS,1990,HANOVER PARK REGIONAL,21556,0.088,0.899,0.014,0,0,0,11.5,71.6,119.3,0.124,27,41035
D. K-8 / 751 +,MORRIS,2000,HANOVER TWP,16220,0.085,0.897,0.018,0,0,0,12.5,64.4,168.1,0.101,27,12210
B. K-8 / 0 - 400,MORRIS,2010,HARDING TOWNSHIP,24008,0.062,0.922,0.015,0.001,0,0,9.3,51.9,102,0.101,27,-6.98492E-10
F. K-12 / 1801 - 3500,MORRIS,2380,JEFFERSON TWP,16094,0.324,0.658,0.017,0.001,0,0,13.4,79,161.2,0.145,27,1099
F. K-12 / 1801 - 3500,MORRIS,2460,KINNELON BORO,16692,0.095,0.884,0.013,0.001,0,0.007,13.8,76.3,159.3,0.104,27,0
D. K-8 / 751 +,MORRIS,2650,LINCOLN PARK BORO,16538,0.106,0.869,0.024,0.001,0,0,14.4,116.7,192.8,0.110,27,1.3969839E-9
F. K-12 / 1801 - 3500,MORRIS,2870,MADISON BORO,17130,0.083,0.85,0.027,0.04,0,0,12.6,64.6,165.5,0.136,27,1.8626451E-9
C. K-8 / 401 - 750,MORRIS,3090,MENDHAM BORO,15637,0.091,0.883,0.022,0.004,0,0,12.6,105.6,139.4,0.093,27,-2.32831E-10
D. K-8 / 751 +,MORRIS,3100,MENDHAM TWP,20287,0.084,0.904,0.012,0,0,0,10.6,71.4,142.8,0.135,27,-4.65661E-10
A. K-6,MORRIS,3240,MINE HILL TWP,14386,0.28,0.696,0.023,0.001,0,0,14.4,158.8,283.6,0.071,27,0
G. K-12 / 3501 +,MORRIS,3340,MONTVILLE TWP,16611,0.08,0.898,0.022,0,0,0,12.5,64.4,211.5,0.128,27,201559
J. VOC,MORRIS,3365,MORRIS COUNTY VOCATIONAL,19833,0.121,0.395,0.044,0.441,0,0,14.9,114.7,91.8,0.151,27,1.8626451E-9
H. 7-12 / 9-12,MORRIS,3370,MORRIS HILLS REGIONAL,21488,0.152,0.831,0.014,0.003,0,0,11.8,63.7,142.9,0.152,27,38245
C. K-8 / 401 - 750,MORRIS,3380,MORRIS PLAINS BORO,17520,0.073,0.904,0.019,0.004,0,0,12.4,106.7,160,0.086,27,6.984919E-10
G. K-12 / 3501 +,MORRIS,3385,MORRIS SCHOOL DISTRICT,20148,0.115,0.807,0.033,0.046,0,0,11.9,67,188.1,0.137,27,0
B. K-8 / 0 - 400,MORRIS,3410,MOUNT ARLINGTON BORO,17553,0.087,0.894,0.017,0.002,0,0,12.1,52.9,127,0.168,27,-4.65661E-10
G. K-12 / 3501 +,MORRIS,3450,MOUNT OLIVE TWP,17053,0.246,0.729,0.024,0.001,0,0,14.1,87.5,203.5,0.153,27,-3.72529E-9
E. K-12 / 0 - 1800,MORRIS,3460,MOUNTAIN LAKES BORO,22398,0.085,0.523,0.01,0.381,0,0.001,10.9,30.4,88.7,0.197,27,1.8626451E-9
B. K-8 / 0 - 400,MORRIS,3520,NETCONG BORO,14762,0.32,0.622,0.054,0.004,0,0,11.2,114.4,143,0.140,27,0
G. K-12 / 3501 +,MORRIS,3950,PARSIPPANY-TROY HILLS TWP,18132,0.081,0.894,0.023,0.002,0,0,11.8,68,227.7,0.147,27,923300
D. K-8 / 751 +,MORRIS,4000,LONG HILL TWP,17390,0.091,0.859,0.023,0.014,0.012,0.001,12.5,55.6,185.8,0.161,27,-1.396984E-9
F. K-12 / 1801 - 3500,MORRIS,4080,PEQUANNOCK TWP,16260,0.118,0.845,0.029,0.008,0,0,12.7,68.6,193.3,0.138,27,-3.72529E-9
G. K-12 / 3501 +,MORRIS,4330,RANDOLPH TWP,15810,0.202,0.782,0.016,0,0,0,13.1,83.9,229.9,0.125,27,-3.72529E-9
B. K-8 / 0 - 400,MORRIS,4440,RIVERDALE BORO,16488,0.077,0.905,0.014,0.004,0,0,11.4,68.9,105.7,0.129,27,-2.32831E-10
C. K-8 / 401 - 750,MORRIS,4480,ROCKAWAY BORO,12001,0.136,0.814,0.043,0.007,0,0,15.8,114.7,221.7,0.137,27,0
D. K-8 / 751 +,MORRIS,4490,ROCKAWAY TWP,18358,0.106,0.868,0.025,0.001,0,0,11.7,63.9,196.5,0.172,27,-2.793968E-9
G. K-12 / 3501 +,MORRIS,4560,ROXBURY TWP,17193,0.232,0.705,0.024,0.039,0,0,13,84.8,188.9,0.130,27,85619
D. K-8 / 751 +,MORRIS,5520,WASHINGTON TWP,16296,0.237,0.743,0.02,0,0,0,13.5,68.3,221.3,0.148,27,-3.72529E-9
H. 7-12 / 9-12,MORRIS,5660,WEST MORRIS REGIONAL,18141,0.14,0.84,0.019,0.001,0,0,13.5,88.4,171.3,0.147,27,521623
D. K-8 / 751 +,MORRIS,5770,WHARTON BORO,14858,0.325,0.595,0.056,0.024,0,0,11.4,117,167.8,0.157,27,-9.31323E-10
K. CHARTER,MORRIS,8050,UNITY CS,13105,0.181,0.808,0.012,0,0,0,10.6,99.3,149,0.101,80,0
F. K-12 / 1801 - 3500,OCEAN,185,BARNEGAT TWP,16483,0.467,0.51,0.023,0,0,0,12.4,77.4,191.2,0.145,29,0
B. K-8 / 0 - 400,OCEAN,210,BAY HEAD BORO,20507,0.065,0.865,0.008,0.063,0,0,10.4,292.5,73.1,0.085,29,11569
A. K-6,OCEAN,230,BEACH HAVEN BORO,20947,0.067,0.923,0.01,0,0,0,7.9,93.8,75,0.040,29,0
A. K-6,OCEAN,320,BERKELEY TWP,16548,0.116,0.84,0.036,0.008,0,0,12.2,72,224.1,0.147,29,9.313226E-10
G. K-12 / 3501 +,OCEAN,530,BRICK TWP,14733,0.288,0.666,0.045,0,0,0.001,13.5,80.4,231.8,0.186,29,7.4505806E-9
H. 7-12 / 9-12,OCEAN,770,CENTRAL REGIONAL,18271,0.143,0.815,0.035,0.007,0,0,12.6,77,148,0.185,29,0
A. K-6,OCEAN,1150,EAGLESWOOD TWP,19650,0.338,0.609,0.041,0,0.011,0.001,10.1,61.8,68,0.140,29,0
A. K-6,OCEAN,2350,ISLAND HEIGHTS BORO,17300,0.118,0.84,0.02,0.022,0,0,9.8,111.8,102.5,0.130,29,-5.82077E-11
G. K-12 / 3501 +,OCEAN,2360,JACKSON TWP,14686,0.412,0.556,0.032,0,0,0,14,90.4,256.6,0.150,29,-7.450581E-9
G. K-12 / 3501 +,OCEAN,2480,LACEY TWP,15179,0.353,0.575,0.041,0.001,0,0.03,13,106.4,198.3,0.166,29,3.7252903E-9
C. K-8 / 401 - 750,OCEAN,2500,LAKEHURST BORO,14747,0.736,0.135,0.128,0,0,0.001,13,74.6,169.2,0.186,29,-9.31323E-10
G. K-12 / 3501 +,OCEAN,2520,LAKEWOOD TWP,23362,0.324,0.522,0.135,0,0.018,0.001,12.1,74.3,219.7,0.149,29,0
B. K-8 / 0 - 400,OCEAN,2550,LAVALLETTE BORO,18490,0.081,0.86,0.019,0.04,0,0,9.9,76.4,88.4,0.071,29,-1.74623E-10
A. K-6,OCEAN,2690,LITTLE EGG HARBOR TWP,15633,0.554,0.408,0.036,0.002,0,0,12.2,87.3,166.7,0.123,29,1.8626451E-9
A. K-6,OCEAN,2760,LONG BEACH ISLAND,25376,0.101,0.87,0.021,0.007,0,0.001,8.8,45.4,84.3,0.165,29,4.656613E-10
F. K-12 / 1801 - 3500,OCEAN,2940,MANCHESTER TWP,16615,0.162,0.76,0.034,0.041,0,0.003,11.5,57.4,176,0.153,29,-1.862645E-9
J. VOC,OCEAN,3790,OCEAN COUNTY VOCATIONAL,15428,0.243,0.653,0.034,0.07,0,0,14,113.5,154.7,0.205,29,-9.31323E-10
A. K-6,OCEAN,3800,OCEAN GATE BORO,17947,0.415,0.545,0.039,0,0,0.001,8.7,52,78,0.128,29,0
A. K-6,OCEAN,3820,OCEAN TWP,18051,0.426,0.548,0.026,0,0,0,10.5,63.5,154.3,0.150,29,31985
H. 7-12 / 9-12,OCEAN,4105,PINELANDS REGIONAL,19364,0.43,0.537,0.033,0,0,0,9.9,68.5,110.9,0.193,29,0
E. K-12 / 0 - 1800,OCEAN,4190,PLUMSTED TWP,15849,0.408,0.337,0.05,0.005,0,0.2,12.2,64.9,157.5,0.152,29,0
F. K-12 / 1801 - 3500,OCEAN,4210,POINT PLEASANT BORO,13191,0.206,0.761,0.03,0.003,0,0,13.4,103.3,187.2,0.132,29,0
E. K-12 / 0 - 1800,OCEAN,4220,POINT PLEASANT BEACH BORO,16908,0.102,0.748,0.022,0.128,0,0,12,72.2,125.3,0.117,29,9.313226E-10
A. K-6,OCEAN,4710,SEASIDE HEIGHTS BORO,18882,0.255,0.625,0.11,0.01,0,0,10.8,73.1,212,0.132,29,0
H. 7-12 / 9-12,OCEAN,4950,SOUTHERN REGIONAL,18715,0.07,0.666,0.015,0.116,0.133,0,13.4,96.7,166.6,0.174,29,3.7252903E-9
A. K-6,OCEAN,5020,STAFFORD TWP,16141,0.295,0.666,0.036,0.004,0,0,13.4,95.1,197.3,0.163,29,1.8626451E-9
G. K-12 / 3501 +,OCEAN,5190,TOMS RIVER REGIONAL,13426,0.351,0.607,0.038,0.004,0,0,14.3,121.5,229.5,0.131,29,-1.490116E-8
A. K-6,OCEAN,5220,TUCKERTON BORO,13843,0.36,0.562,0.04,0.01,0,0.028,11.1,73.6,162,0.179,29,27665
C. K-8 / 401 - 750,PASSAIC,420,BLOOMINGDALE BORO,17951,0.144,0.825,0.018,0.012,0,0.001,12.2,73.1,124.2,0.130,31,0
G. K-12 / 3501 +,PASSAIC,900,CLIFTON CITY,14193,0.2,0.742,0.057,0,0,0.001,14.2,106.1,233.7,0.115,31,-7.450581E-9
D. K-8 / 751 +,PASSAIC,1920,HALEDON BORO,14801,0.527,0.387,0.085,0,0,0.001,12.6,86.9,341.7,0.114,31,9.313226E-10
F. K-12 / 1801 - 3500,PASSAIC,2100,HAWTHORNE BORO,15334,0.116,0.852,0.032,0,0,0,13.1,74.8,192.2,0.192,31,3.7252903E-9
H. 7-12 / 9-12,PASSAIC,2510,LAKELAND REGIONAL,19107,0.246,0.711,0.017,0.026,0,0,13.7,87,139.2,0.117,31,-9.31323E-10
D. K-8 / 751 +,PASSAIC,2700,LITTLE FALLS TWP,14868,0.094,0.854,0.027,0.018,0,0.007,13.1,63.1,185.6,0.129,31,640
C. K-8 / 401 - 750,PASSAIC,3640,NORTH HALEDON BORO,15845,0.115,0.864,0.022,0,0,0,13.6,74,165.1,0.092,31,16019
G. K-12 / 3501 +,PASSAIC,3970,PASSAIC CITY,18588,0.848,0.069,0.079,0.001,0,0.003,13,105.3,232.8,0.124,31,99673104
H. 7-12 / 9-12,PASSAIC,3980,PASSAIC CO MANCHESTER REG,21108,0.349,0.587,0.047,0,0.017,0,12.9,123.8,139.3,0.115,31,-9.31323E-10
H. 7-12 / 9-12,PASSAIC,3990,PASSAIC VALLEY REGIONAL,18434,0.078,0.89,0.023,0.008,0,0.001,12.3,115.7,117.9,0.126,31,5712
J. VOC,PASSAIC,3995,PASSAIC COUNTY VOCATIONAL,23256,0.293,0.154,0.061,0.492,0,0,11.7,71,130.6,0.144,31,0
G. K-12 / 3501 +,PASSAIC,4010,PATERSON CITY,19042,0.841,0.08,0.079,0,0,0,11.9,88.2,143.4,0.134,31,3944501
E. K-12 / 0 - 1800,PASSAIC,4230,POMPTON LAKES BORO,18566,0.183,0.733,0.028,0.055,0,0.001,12.4,64.5,117.4,0.132,31,0
D. K-8 / 751 +,PASSAIC,4270,PROSPECT PARK BORO,13512,0.692,0.224,0.085,0,0,0,13.3,85.9,214.8,0.126,31,0
D. K-8 / 751 +,PASSAIC,4400,RINGWOOD BORO,17087,0.192,0.729,0.03,0.045,0.002,0.002,13.3,73.8,183.4,0.171,31,4720
D. K-8 / 751 +,PASSAIC,5200,TOTOWA BORO,14698,0.092,0.876,0.022,0.011,0,0,12.9,73.4,140.6,0.096,31,-9.31323E-10
D. K-8 / 751 +,PASSAIC,5440,WANAQUE BORO,17816,0.221,0.741,0.026,0.012,0,0,11.9,98.7,312.7,0.152,31,20342
G. K-12 / 3501 +,PASSAIC,5570,WAYNE TWP,16789,0.09,0.884,0.025,0.002,0,0,12.8,74.8,197.1,0.112,31,7.4505806E-9
G. K-12 / 3501 +,PASSAIC,5650,WEST MILFORD TWP,17804,0.255,0.708,0.034,0.004,0,0,14.1,71.9,165.8,0.169,31,-7.450581E-9
D. K-8 / 751 +,PASSAIC,5690,WOODLAND PARK,13091,0.1,0.861,0.033,0.006,0,0,12.8,123.4,158.7,0.119,31,0
K. CHARTER,PASSAIC,6021,COMMUNITY CHARTER SCHOOL OF PATERSON,14430,0.071,0.826,0.103,0,0,0,14.5,160,165.5,0.084,80,0
K. CHARTER,PASSAIC,6230,CLASSICAL ACADEMY CS OF CLIFTON,7799,0.077,0.896,0.026,0,0,0.001,13.9,0,67.6,0.000,80,0
K. CHARTER,PASSAIC,7503,PATERSON CS FOR SCI/TECH,15507,0.827,0.098,0.075,0,0,0,12.7,92.4,295.6,0.069,80,0
C. K-8 / 401 - 750,SALEM,60,ALLOWAY TWP,12982,0.504,0.456,0.036,0.004,0,0,12.7,78.7,206.2,0.083,33,0
B. K-8 / 0 - 400,SALEM,1350,ELSINBORO TWP,16775,0.292,0.646,0.046,0.016,0,0,8.8,93,93,0.086,33,0
B. K-8 / 0 - 400,SALEM,2800,LOWER ALLOWAYS CREEK,19350,0.245,0.725,0.027,0.003,0,0,9.1,96.2,134.7,0.064,33,-4.65661E-10
B. K-8 / 0 - 400,SALEM,2950,MANNINGTON TWP,16826,0.238,0.71,0.038,0.014,0,0,11.4,262.9,167.3,0.071,33,0
B. K-8 / 0 - 400,SALEM,3860,OLDMANS TWP,17659,0.391,0.563,0.028,0.018,0,0,12.1,113.5,137.9,0.073,33,420
F. K-12 / 1801 - 3500,SALEM,4070,PENNS GRV-CARNEY'S PT REG,16321,0.623,0.264,0.068,0.045,0,0,11.3,90,156,0.175,33,-3.72529E-9
F. K-12 / 1801 - 3500,SALEM,4075,PENNSVILLE,15758,0.337,0.623,0.035,0.004,0,0.001,11.5,78.5,126.4,0.175,33,0
E. K-12 / 0 - 1800,SALEM,4150,PITTSGROVE TWP,14872,0.518,0.346,0.033,0.103,0,0,14.3,92.7,114.7,0.115,33,0
B. K-8 / 0 - 400,SALEM,4280,QUINTON TWP,14308,0.562,0.37,0.037,0.031,0,0,13.1,78.6,119.3,0.064,33,-4.65661E-10
E. K-12 / 0 - 1800,SALEM,4630,SALEM CITY,21630,0.737,0.098,0.08,0.085,0,0,8.9,55.3,69.2,0.169,33,77040
I. CSSD,SALEM,4635,SALEM CO SPECIAL SERVICE,33942,0.246,0.041,0.003,0.71,0,0,5.3,6.2,34.1,0.863,33,0
J. VOC,SALEM,4640,SALEM COUNTY VOCATIONAL,14017,0.616,0.23,0.106,0.049,0,0,16.4,144.2,84.8,0.154,33,122003
B. K-8 / 0 - 400,SALEM,5320,UPPER PITTSGROVE TWP,13989,0.452,0.511,0.031,0.005,0,0.001,11.8,128.3,256.7,0.169,33,4.656613E-10
E. K-12 / 0 - 1800,SALEM,5910,WOODSTOWN-PILESGROVE REG,12868,0.362,0.433,0.026,0.179,0,0,12.3,123.7,134,0.124,33,-1.862645E-9
C. K-8 / 401 - 750,SOMERSET,240,BEDMINSTER TWP,20186,0.067,0.921,0.011,0,0,0.001,10.1,54.2,118.2,0.134,35,0
G. K-12 / 3501 +,SOMERSET,350,BERNARDS TWP,15671,0.095,0.881,0.012,0.011,0,0.001,12.7,76.4,194.4,0.117,35,0
E. K-12 / 0 - 1800,SOMERSET,490,BOUND BROOK BORO,15394,0.349,0.529,0.072,0.05,0,0,14.2,90.1,191.5,0.125,35,22047
D. K-8 / 751 +,SOMERSET,510,BRANCHBURG TWP,16876,0.083,0.883,0.018,0.003,0,0.013,12,66.9,229.9,0.153,35,-2.793968E-9
G. K-12 / 3501 +,SOMERSET,555,BRIDGEWATER-RARITAN REG,16254,0.113,0.861,0.02,0,0,0.006,11.8,78.1,228,0.140,35,1.1175871E-8
G. K-12 / 3501 +,SOMERSET,1610,FRANKLIN TWP,18288,0.144,0.817,0.038,0.001,0,0,12.6,102,182.6,0.120,35,-7.450581E-9
D. K-8 / 751 +,SOMERSET,1810,GREEN BROOK TWP,17111,0.078,0.906,0.013,0.002,0,0.001,12.4,92.1,246.5,0.116,35,9.313226E-10
G. K-12 / 3501 +,SOMERSET,2170,HILLSBOROUGH TWP,15440,0.266,0.712,0.021,0.001,0,0,12.4,76.7,243.1,0.135,35,0
E. K-12 / 0 - 1800,SOMERSET,3000,MANVILLE BORO,15339,0.291,0.664,0.044,0,0,0.001,12.6,63.7,162.3,0.198,35,170
G. K-12 / 3501 +,SOMERSET,3320,MONTGOMERY TWP,15858,0.101,0.872,0.024,0.001,0,0.002,13.4,102.2,213.9,0.095,35,-5.587935E-9
F. K-12 / 1801 - 3500,SOMERSET,3670,NORTH PLAINFIELD BORO,17028,0.471,0.491,0.037,0,0,0.001,11.5,76.8,169.8,0.125,35,0
J. VOC,SOMERSET,4810,SOMERSET CO VOCATIONAL,30204,0.164,0.756,0.034,0.046,0,0,10.7,54.4,61.8,0.173,35,9.313226E-10
F. K-12 / 1801 - 3500,SOMERSET,4815,SOMERSET HILLS REGIONAL,19278,0.096,0.775,0.021,0.104,0,0.004,13.2,79.2,156.7,0.110,35,11012
F. K-12 / 1801 - 3500,SOMERSET,4820,SOMERVILLE BORO,17177,0.199,0.509,0.034,0.252,0,0.006,13.3,90.5,171.9,0.111,35,29321
C. K-8 / 401 - 750,SOMERSET,4850,SOUTH BOUND BROOK,15341,0.38,0.588,0.031,0,0,0.001,13.6,71.7,150.7,0.126,35,0
D. K-8 / 751 +,SOMERSET,5470,WARREN TWP,17997,0.09,0.895,0.013,0.002,0,0,10.1,60.3,199,0.143,35,372296
C. K-8 / 401 - 750,SOMERSET,5540,WATCHUNG BORO,17643,0.089,0.891,0.018,0.002,0,0,13.1,77.6,176.5,0.105,35,-2.32831E-10
H. 7-12 / 9-12,SOMERSET,5550,WATCHUNG HILLS REGIONAL,19061,0.077,0.738,0.012,0.173,0,0,12.8,83.2,137.6,0.154,35,3914
K. CHARTER,SOMERSET,6018,CENTRAL JERSEY COLLEGE PREP CS,14846,0.548,0.417,0.035,0,0,0,11,93.3,93.3,0.093,80,0
C. K-8 / 401 - 750,SUSSEX,90,ANDOVER REG,17344,0.207,0.765,0.028,0,0,0,11,102.7,129.4,0.170,37,47
D. K-8 / 751 +,SUSSEX,640,BYRAM TWP,14463,0.28,0.698,0.021,0.002,0,0,13.1,85.5,205.2,0.147,37,65
C. K-8 / 401 - 750,SUSSEX,1560,FRANKFORD TWP,18672,0.251,0.73,0.019,0.001,0,0,9.9,82.5,148.5,0.154,37,0
C. K-8 / 401 - 750,SUSSEX,1570,FRANKLIN BORO,16685,0.437,0.518,0.04,0.005,0,0,11.4,73.7,129,0.201,37,-9.31323E-10
A. K-6,SUSSEX,1630,FREDON TWP,16253,0.149,0.821,0.03,0,0,0,12,111.7,111.7,0.095,37,63714
C. K-8 / 401 - 750,SUSSEX,1800,GREEN TWP,16542,0.229,0.742,0.029,0,0,0,13.5,96.3,122.8,0.100,37,0
B. K-8 / 0 - 400,SUSSEX,1930,HAMBURG BORO,20116,0.339,0.639,0.023,0,0,0,10.9,43.8,140,0.209,37,2080
A. K-6,SUSSEX,1980,HAMPTON TWP,17130,0.253,0.716,0.031,0,0,0,10.8,108.1,129.7,0.095,37,0
D. K-8 / 751 +,SUSSEX,2030,HARDYSTON TWP,16599,0.229,0.745,0.026,0,0,0,12.8,73.4,181.8,0.144,37,-4.65661E-10
H. 7-12 / 9-12,SUSSEX,2165,HIGH POINT REGIONAL,21401,0.322,0.64,0.022,0.016,0,0,11.6,73.8,106.5,0.136,37,0
F. K-12 / 1801 - 3500,SUSSEX,2240,HOPATCONG,16937,0.37,0.599,0.031,0,0,0,13.9,64.1,140.9,0.204,37,0
H. 7-12 / 9-12,SUSSEX,2465,KITTATINNY REGIONAL,19158,0.34,0.628,0.031,0,0,0.001,11.3,81.3,129.3,0.127,37,-9.31323E-10
B. K-8 / 0 - 400,SUSSEX,2490,LAFAYETTE TWP,19131,0.181,0.787,0.023,0.009,0,0,10.4,56.1,86,0.124,37,0
H. 7-12 / 9-12,SUSSEX,2615,LENAPE VALLEY REGIONAL,16547,0.328,0.655,0.014,0.003,0,0,13,84.3,105.9,0.179,37,9.313226E-10
B. K-8 / 0 - 400,SUSSEX,3300,MONTAGUE TWP,18133,0.331,0.611,0.058,0,0,0,9.9,53.5,98,0.132,37,3.0000000005
E. K-12 / 0 - 1800,SUSSEX,3590,NEWTON TOWN,17145,0.283,0.464,0.031,0.222,0,0,12.2,75.6,168.1,0.115,37,-1.862645E-9
B. K-8 / 0 - 400,SUSSEX,3840,OGDENSBURG BORO,16313,0.492,0.481,0.026,0,0,0.001,11.3,63.6,79.4,0.179,37,0
A. K-6,SUSSEX,4650,SANDYSTON-WALPACK TWP,17207,0.234,0.629,0.137,0,0,0,9.1,131.7,158,0.184,37,0
G. K-12 / 3501 +,SUSSEX,4960,SPARTA TWP,15828,0.149,0.824,0.026,0,0,0.001,14.6,147.7,227.6,0.112,37,737549
B. K-8 / 0 - 400,SUSSEX,5030,STANHOPE BORO,14769,0.313,0.653,0.03,0.004,0,0,12.3,108.6,126.7,0.133,37,-4.65661E-10
A. K-6,SUSSEX,5040,STILLWATER TWP,16618,0.358,0.608,0.025,0.009,0,0,9.8,93.8,117.2,0.144,37,4.656613E-10
D. K-8 / 751 +,SUSSEX,5100,SUSSEX-WANTAGE REGIONAL,16164,0.362,0.602,0.03,0.005,0,0.001,12.6,61.2,183.6,0.199,37,0
J. VOC,SUSSEX,5110,SUSSEX COUNTY VOCATIONAL,23447,0.358,0.602,0.039,0.001,0,0,10.7,56,111.9,0.260,37,0
G. K-12 / 3501 +,SUSSEX,5360,VERNON TWP,18707,0.414,0.559,0.021,0.005,0,0.001,13.1,66,173.4,0.179,37,0
H. 7-12 / 9-12,SUSSEX,5435,WALLKILL VALLEY REGIONAL,19214,0.372,0.581,0.023,0,0,0.024,12.9,96.6,79.7,0.182,37,276926
K. CHARTER,SUSSEX,7850,SUSSEX COUNTY CS FOR TECHNOLOGY,15253,0.343,0.567,0.028,0,0,0.062,11.4,200,71.4,0.175,80,0
F. K-12 / 1801 - 3500,UNION,310,BERKELEY HEIGHTS TWP,16382,0.085,0.806,0.016,0.093,0,0,13,63.8,148.1,0.083,39,-3.72529E-9
F. K-12 / 1801 - 3500,UNION,850,CLARK TWP,15143,0.097,0.807,0.02,0.058,0,0.018,12.6,88.7,162,0.093,39,1.8626451E-9
G. K-12 / 3501 +,UNION,980,CRANFORD TWP,14232,0.096,0.82,0.025,0.058,0,0.001,12.1,83.8,188.7,0.145,39,83980
G. K-12 / 3501 +,UNION,1320,ELIZABETH CITY,19170,0.823,0.112,0.064,0.001,0,0,11.9,89.2,307.4,0.080,39,754035
C. K-8 / 401 - 750,UNION,1710,GARWOOD BORO,15840,0.096,0.87,0.026,0,0,0.008,13.6,103.7,164.2,0.147,39,-2.32831E-10
F. K-12 / 1801 - 3500,UNION,2190,HILLSIDE TWP,17345,0.449,0.494,0.045,0.003,0,0.009,12.2,98.1,124.8,0.106,39,206060
E. K-12 / 0 - 1800,UNION,2420,KENILWORTH BORO,16752,0.211,0.758,0.019,0.013,0,0,12.6,75.8,148.3,0.124,39,0
G. K-12 / 3501 +,UNION,2660,LINDEN CITY,17634,0.245,0.709,0.045,0,0,0.001,12.5,89,186.4,0.136,39,7.4505806E-9
D. K-8 / 751 +,UNION,3470,MOUNTAINSIDE BORO,14403,0.071,0.878,0.02,0.002,0.019,0.01,12.8,91.6,183.2,0.086,39,-2.32831E-10
F. K-12 / 1801 - 3500,UNION,3560,NEW PROVIDENCE BORO,16217,0.083,0.894,0.02,0.002,0,0.001,12.8,74.6,163.1,0.105,39,0
G. K-12 / 3501 +,UNION,4160,PLAINFIELD CITY,19117,0.78,0.149,0.066,0.003,0,0.002,12.8,76.4,178.2,0.114,39,582484
G. K-12 / 3501 +,UNION,4290,RAHWAY CITY,16328,0.357,0.601,0.043,0,0,0,12.9,91.5,192.1,0.140,39,1
F. K-12 / 1801 - 3500,UNION,4540,ROSELLE BORO,18621,0.478,0.441,0.081,0,0,0,11.8,81,164.4,0.148,39,0
F. K-12 / 1801 - 3500,UNION,4550,ROSELLE PARK BORO,16086,0.371,0.582,0.032,0.015,0,0,11.9,76,152,0.124,39,50000
G. K-12 / 3501 +,UNION,4670,SCOTCH PLAINS-FANWOOD REG,15056,0.084,0.878,0.025,0,0,0.013,13.7,109.9,223.4,0.119,39,550000
F. K-12 / 1801 - 3500,UNION,5000,SPRINGFIELD TWP,16612,0.071,0.907,0.022,0,0,0,13.4,85.9,148.9,0.124,39,3.259629E-9
G. K-12 / 3501 +,UNION,5090,SUMMIT CITY,17861,0.079,0.896,0.025,0,0,0,12.1,81.1,146.5,0.118,39,-4.656613E-9
J. VOC,UNION,5260,UNION COUNTY VOCATIONAL,15818,0.297,0.282,0.041,0.379,0,0.001,13.8,148.9,146.2,0.098,39,-1.862645E-9
G. K-12 / 3501 +,UNION,5290,UNION TWP,17777,0.3,0.653,0.04,0.002,0.005,0,12.4,85.2,193.4,0.122,39,0
G. K-12 / 3501 +,UNION,5730,WESTFIELD TOWN,14981,0.089,0.882,0.028,0.001,0,0,14,94.9,237.1,0.146,39,22600
B. K-8 / 0 - 400,UNION,5810,WINFIELD TWP,19746,0.532,0.444,0.021,0.004,0,0,8.6,68.1,71.5,0.119,39,0
K. CHARTER,UNION,6033,THE BARACK OBAMA GREEN CHARTER HIGH SCHO,14311,0.732,0.21,0.058,0,0,0,13.1,44.4,55.5,0.054,80,0
K. CHARTER,UNION,6217,CENTRAL JERSEY ARTS CS,0,0,0,0,0,0,0,0,0,0,0,80,0
K. CHARTER,UNION,7600,QUEEN CITY ACADEMY CS,13738,0.769,0.153,0.078,0,0,0,9.7,105.9,77.7,0.026,80,0
K. CHARTER,UNION,8010,UNION COUNTY TEAMS CS,14344,0.776,0.178,0.046,0,0,0,12.2,250,71.4,0.068,80,0
C. K-8 / 401 - 750,WARREN,30,ALLAMUCHY TWP,17136,0.086,0.85,0.04,0.024,0,0,12.1,68.5,164.4,0.134,41,2.328306E-10
B. K-8 / 0 - 400,WARREN,70,ALPHA BORO,13505,0.397,0.566,0.037,0,0,0,9.4,104.8,125.8,0.125,41,4.656613E-10
E. K-12 / 0 - 1800,WARREN,280,BELVIDERE TOWN,15021,0.27,0.264,0.016,0.45,0,0,11.4,66.5,116.8,0.180,41,9.313226E-10
A. K-6,WARREN,400,BLAIRSTOWN TWP,13203,0.26,0.711,0.028,0.002,0,0,14.2,65.7,135.6,0.195,41,267397
A. K-6,WARREN,1620,FRANKLIN TWP,18283,0.215,0.701,0.028,0.013,0.043,0,12.2,64.2,115.6,0.090,41,0
A. K-6,WARREN,1670,FRELINGHUYSEN TWP,15750,0.278,0.68,0.034,0.009,0,0,11.6,127.1,89,0.147,41,0
D. K-8 / 751 +,WARREN,1785,GREAT MEADOWS REGIONAL,15236,0.332,0.633,0.035,0,0,0,12.5,83.7,226,0.103,41,-1.862645E-9
D. K-8 / 751 +,WARREN,1840,GREENWICH TWP,12146,0.453,0.521,0.026,0,0,0,14.1,88.5,225.8,0.099,41,-9.31323E-10
F. K-12 / 1801 - 3500,WARREN,1870,HACKETTSTOWN,15537,0.209,0.515,0.021,0.256,0,0,12.7,70.6,141.2,0.151,41,-9.31323E-10
B. K-8 / 0 - 400,WARREN,2040,HARMONY TWP,16501,0.083,0.883,0.024,0.01,0,0,12.3,65.8,269.1,0.186,41,0
B. K-8 / 0 - 400,WARREN,2250,HOPE TWP,16545,0.235,0.729,0.03,0.006,0,0,13,74.3,69.3,0.113,41,0
A. K-6,WARREN,2470,KNOWLTON TWP,16956,0.37,0.599,0.028,0.003,0,0,10.4,50.7,132.9,0.125,41,0
D. K-8 / 751 +,WARREN,2790,LOPATCONG TWP,12938,0.228,0.692,0.022,0.005,0.053,0,12.2,77.5,194.7,0.099,41,694
A. K-6,WARREN,2970,MANSFIELD TWP,13335,0.413,0.539,0.042,0.004,0.001,0.001,12,94.7,227.3,0.130,41,0
H. 7-12 / 9-12,WARREN,3675,NORTH WARREN REGIONAL,16111,0.343,0.635,0.022,0,0,0,12.1,75.5,122.9,0.151,41,0
B. K-8 / 0 - 400,WARREN,3890,OXFORD TWP,18118,0.422,0.544,0.034,0,0,0,10.8,98.3,98.3,0.207,41,4.656613E-10
G. K-12 / 3501 +,WARREN,4100,PHILLIPSBURG TOWN,17901,0.715,0.135,0.049,0.101,0,0,11.8,68,157.6,0.146,41,0
B. K-8 / 0 - 400,WARREN,4200,POHATCONG TWP,15394,0.256,0.719,0.025,0,0,0,12.2,82.4,115.3,0.097,41,-4.65661E-10
I. CSSD,WARREN,5450,WARREN CO SPECIAL SERVICE,51259,0.072,0.123,0.004,0.801,0,0,3.7,6.4,28.3,1.000,41,0
J. VOC,WARREN,5460,WARREN COUNTY VOCATIONAL,18704,0.363,0.44,0.031,0.166,0,0,12.3,129,129,0.211,41,0
H. 7-12 / 9-12,WARREN,5465,WARREN HILLS REGIONAL,17781,0.349,0.566,0.028,0.056,0,0.001,13.8,108.2,194.7,0.170,41,38050
A. K-6,WARREN,5480,WASHINGTON BORO,13608,0.409,0.556,0.035,0,0,0,12.2,101.7,179.7,0.183,41,0
A. K-6,WARREN,5530,WASHINGTON TWP,14145,0.371,0.604,0.026,0,0,0,12.4,83.5,154.5,0.131,41,0
B. K-8 / 0 - 400,WARREN,5780,WHITE TWP,15615,0.228,0.739,0.03,0,0.003,0,12.1,66.5,189.5,0.174,41,4.656613E-10
K. CHARTER,WARREN,7727,RIDGE AND VALLEY CS,12249,0.331,0.641,0.027,0,0,0.001,9,0,59.5,0.266,80,1082800
