CONAME,DIST,DISTNAME,EXP11A,ADE11A,PP11A,RK11A,EXP21A,ADE21A,PP21A,RK21A,BOTY,DM
,,STATE AVERAGE - ALL OPERATING TYPES,,,17322,,,,18047,,,
,,STATE MEDIAN - ALL OPERATING TYPES,,,16597,,,,17286,,,
ATLANTIC,10,ABSECON CITY,12658555,938.3,13491,8,13690893,938.6,14587,14,"K. K-12|K-8,751+",KK-12K-8751plus
ATLANTIC,110,ATLANTIC CITY,170848727,6702.6,25490,105,174016659,6807.8,25561,106,"N. K-12|K-12,3500+",NK-12K-123500plus
ATLANTIC,120,ATLANTIC CO VOCATIONAL,14723575,830.9,17721,7,16513149,1022,16157,4,Q. COUNTY VOC,QCOUNTYVOC
ATLANTIC,125,ATLANTIC CO SPECIAL SERV,23089951,456.9,50536,3,23114419,438.4,52725,4,P. CSSD,PCSSD
ATLANTIC,570,BRIGANTINE CITY,21568341,1020.7,21131,88,20546774,1024.7,20052,84,"K. K-12|K-8,751+",KK-12K-8751plus
ATLANTIC,590,BUENA REGIONAL,43119522,2496,17275,49,43874685,2420.8,18124,52,"M. K-12|K-12,1800-3500",MK-12K-121800-3500
ATLANTIC,1300,EGG HARBOR CITY,10603572,473.3,22402,65,10861134,498.9,21770,63,"D. K-8|K-8,401-750",DK-8K-8401-750
ATLANTIC,1310,EGG HARBOR TWP,122370179,8020.8,15257,27,126567673,7825.6,16173,29,"N. K-12|K-12,3500+",NK-12K-123500plus
ATLANTIC,1410,ESTELL MANOR CITY,4732288,283.9,16670,25,4729005,281.3,16810,20,"I. K-12|K-8,0-400",IK-12K-80-400
ATLANTIC,1540,FOLSOM BORO,7682221,505.1,15211,12,7546111,522.5,14443,5,"J. K-12|K-8,401-750",JK-12K-8401-750
ATLANTIC,1690,GALLOWAY TWP,56607329,3509.3,16130,51,58019176,3467.3,16733,53,"E. K-8|K-8,751+",EK-8K-8751plus
ATLANTIC,1790,GREATER EGG HARBOR REG,71760820,3930.8,18256,16,72368577,3783.5,19127,18,"G. G9-12|7-12,9-12",GG9-127-129-12
ATLANTIC,1940,HAMILTON TWP,47770222,3248.2,14707,22,49980478,3183.2,15701,31,"E. K-8|K-8,751+",EK-8K-8751plus
ATLANTIC,1960,HAMMONTON TOWN,46189080,3552.2,13003,1,48900052,3571.6,13691,1,"N. K-12|K-12,3500+",NK-12K-123500plus
ATLANTIC,2680,LINWOOD CITY,14976546,905.8,16533,60,15290071,881.2,17352,59,"E. K-8|K-8,751+",EK-8K-8751plus
ATLANTIC,2910,MAINLAND REGIONAL,29015157,1547.6,18749,22,30066903,1498.2,20068,27,"G. G9-12|7-12,9-12",GG9-127-129-12
ATLANTIC,3020,MARGATE CITY,13534683,647.2,20912,63,14957715,618.6,24179,65,"J. K-12|K-8,401-750",JK-12K-8401-750
ATLANTIC,3480,MULLICA TWP,11423118,719.6,15875,27,11740567,719.5,16318,25,"D. K-8|K-8,401-750",DK-8K-8401-750
ATLANTIC,3720,NORTHFIELD CITY,14917027,1058.6,14091,14,15296498,1049.9,14570,13,"E. K-8|K-8,751+",EK-8K-8751plus
ATLANTIC,4180,PLEASANTVILLE CITY,86801865,3362.8,25812,106,95900850,4018.9,23863,105,"N. K-12|K-12,3500+",NK-12K-123500plus
ATLANTIC,4240,PORT REPUBLIC CITY,2476686,152.1,16283,19,2883114,163.3,17655,30,"I. K-12|K-8,0-400",IK-12K-80-400
ATLANTIC,4800,SOMERS POINT CITY,16620594,1061.2,15663,40,16329791,1111.8,14688,15,"E. K-8|K-8,751+",EK-8K-8751plus
ATLANTIC,5350,VENTNOR CITY,23855993,1306.8,18256,81,23696340,1257.2,18848,80,"K. K-12|K-8,751+",KK-12K-8751plus
ATLANTIC,5760,WEYMOUTH TWP,4947727,315,15709,16,4954166,302.1,16400,16,"I. K-12|K-8,0-400",IK-12K-80-400
ATLANTIC,6612,GALLOWAY COMMUNITY CHARTER SCHOOL,3332819,213.1,15641,42,3453666,164.3,21016,67,O. CHARTER,OCHARTER
ATLANTIC,7410,CHARTER-TECH H.S. FOR PRF. ARTS,4223391,273.9,15419,37,5018009,309.3,16223,39,O. CHARTER,OCHARTER
ATLANTIC,7420,OCEANSIDE CHARTER SCHOOL,5969738,342.7,17418,58,6552847,318.6,20569,66,O. CHARTER,OCHARTER
BERGEN,40,ALLENDALE BORO,14996920,972,15429,35,16251771,930,17475,63,"E. K-8|K-8,751+",EK-8K-8751plus
BERGEN,80,ALPINE BORO,5605650,225.8,24823,64,5691924,219.4,25938,60,"I. K-12|K-8,0-400",IK-12K-80-400
BERGEN,285,BERGEN CO SPECIAL SERVICE,69393180,772.5,89831,8,60894317,695.2,87588,8,P. CSSD,PCSSD
BERGEN,290,BERGEN COUNTY VOCATIONAL,71742128,2096.1,34227,20,76306547,2125.5,35900,20,Q. COUNTY VOC,QCOUNTYVOC
BERGEN,300,BERGENFIELD BORO,59204334,3498,16925,54,62117509,3545.8,17519,53,"N. K-12|K-12,3500+",NK-12K-123500plus
BERGEN,440,BOGOTA BORO,20919322,1225.2,17074,26,20909647,1183.4,17669,26,"L. K-12|K-12,0-1800",LK-12K-120-1800
BERGEN,740,CARLSTADT BORO,11481470,601.9,19077,56,12176186,593.3,20522,60,"D. K-8|K-8,401-750",DK-8K-8401-750
BERGEN,745,CARLSTADT-EAST RUTHERFORD,12603646,513,24567,45,12759418,515.8,24738,44,"G. G9-12|7-12,9-12",GG9-127-129-12
BERGEN,890,CLIFFSIDE PARK BORO,42732422,2790.3,15315,15,42786612,2795.3,15307,10,"M. K-12|K-12,1800-3500",MK-12K-121800-3500
BERGEN,930,CLOSTER BORO,17688348,1139.9,15518,38,18872792,1132.5,16664,50,"E. K-8|K-8,751+",EK-8K-8751plus
BERGEN,990,CRESSKILL BORO,28399683,1780.1,15954,19,29222174,1780.2,16415,18,"L. K-12|K-12,0-1800",LK-12K-120-1800
BERGEN,1070,DEMAREST BORO,13380384,686.8,19482,58,13348458,669.7,19932,55,"D. K-8|K-8,401-750",DK-8K-8401-750
BERGEN,1130,DUMONT BORO,45344241,2815.6,16105,29,45617246,2749,16594,23,"M. K-12|K-12,1800-3500",MK-12K-121800-3500
BERGEN,1230,EAST RUTHERFORD BORO,14554842,767.4,18966,83,15814917,789.1,20043,83,"E. K-8|K-8,751+",EK-8K-8751plus
BERGEN,1270,EDGEWATER BORO,16266717,952.9,17071,35,17174884,1011.2,16984,31,H. K-12|K-6,HK-12K-6
BERGEN,1345,ELMWOOD PARK,37265928,2484.5,14999,11,38907520,2557.4,15214,7,"M. K-12|K-12,1800-3500",MK-12K-121800-3500
BERGEN,1360,EMERSON BORO,19124231,1217.9,15702,14,19681147,1208.3,16289,16,"L. K-12|K-12,0-1800",LK-12K-120-1800
BERGEN,1370,ENGLEWOOD CITY,65185585,2927.8,22264,65,69160644,2981.1,23200,66,"M. K-12|K-12,1800-3500",MK-12K-121800-3500
BERGEN,1380,ENGLEWOOD CLIFFS BORO,10170186,475.5,21390,64,10844718,509.5,21284,62,"J. K-12|K-8,401-750",JK-12K-8401-750
BERGEN,1450,FAIR LAWN BORO,81936614,4797.5,17079,57,86987123,4665,18647,72,"N. K-12|K-12,3500+",NK-12K-123500plus
BERGEN,1470,FAIRVIEW BORO,21684521,1604.6,13514,10,21365878,1604.4,13317,5,"K. K-12|K-8,751+",KK-12K-8751plus
BERGEN,1550,FORT LEE BORO,57116194,3668.8,15568,30,58588175,3749.4,15626,21,"N. K-12|K-12,3500+",NK-12K-123500plus
BERGEN,1580,FRANKLIN LAKES BORO,29857350,1473.2,20267,87,29758743,1422.1,20926,87,"E. K-8|K-8,751+",EK-8K-8751plus
BERGEN,1700,GARFIELD CITY,88659745,5016.4,17674,67,94983352,4921.7,19299,77,"N. K-12|K-12,3500+",NK-12K-123500plus
BERGEN,1760,GLEN ROCK BORO,46080319,2480.7,18576,58,47407836,2450.9,19343,58,"M. K-12|K-12,1800-3500",MK-12K-121800-3500
BERGEN,1860,HACKENSACK CITY,93847535,5243.7,17897,74,99144838,5332.9,18591,71,"N. K-12|K-12,3500+",NK-12K-123500plus
BERGEN,2050,HARRINGTON PARK BORO,10919669,701.9,15557,19,11727383,703.7,16665,26,"D. K-8|K-8,401-750",DK-8K-8401-750
BERGEN,2080,HASBROUCK HEIGHTS BORO,27394857,1751.5,15641,21,28819134,1845.8,15614,13,"M. K-12|K-12,1800-3500",MK-12K-121800-3500
BERGEN,2090,HAWORTH BORO,8532156,471.4,18098,51,9048744,448.1,20194,57,"D. K-8|K-8,401-750",DK-8K-8401-750
BERGEN,2180,HILLSDALE BORO,20903817,1416.3,14760,23,21415317,1400.8,15287,24,"E. K-8|K-8,751+",EK-8K-8751plus
BERGEN,2200,HO HO KUS BORO,13635817,879.5,15503,17,13983298,878.4,15920,17,"J. K-12|K-8,401-750",JK-12K-8401-750
BERGEN,2620,LEONIA BORO,30235421,1807.1,16731,41,31470068,1835.5,17145,35,"M. K-12|K-12,1800-3500",MK-12K-121800-3500
BERGEN,2710,LITTLE FERRY BORO,19610567,1325,14800,24,19950221,1327.4,15029,21,"K. K-12|K-8,751+",KK-12K-8751plus
BERGEN,2740,LODI BOROUGH,55036892,3455.5,15927,25,58673090,3504.5,16742,26,"M. K-12|K-12,1800-3500",MK-12K-121800-3500
BERGEN,2860,LYNDHURST TWP,37286860,2375.3,15698,22,38834801,2390.5,16246,18,"M. K-12|K-12,1800-3500",MK-12K-121800-3500
BERGEN,2900,MAHWAH TWP,59813490,3413.8,17521,52,61332312,3341.5,18355,55,"M. K-12|K-12,1800-3500",MK-12K-121800-3500
BERGEN,3060,MAYWOOD BORO,19333551,1219.9,15848,42,18802841,1205.2,15601,26,"K. K-12|K-8,751+",KK-12K-8751plus
BERGEN,3170,MIDLAND PARK BORO,19474769,1117.7,17425,32,20711460,1119.3,18504,32,"L. K-12|K-12,0-1800",LK-12K-120-1800
BERGEN,3330,MONTVALE BORO,15717990,1104,14237,15,16362606,1100,14875,18,"E. K-8|K-8,751+",EK-8K-8751plus
BERGEN,3350,MOONACHIE BORO,8336009,390.5,21345,56,8345260,400.2,20853,51,"I. K-12|K-8,0-400",IK-12K-80-400
BERGEN,3550,NEW MILFORD BORO,31468640,2179.8,14436,5,32954105,2088.2,15781,14,"M. K-12|K-12,1800-3500",MK-12K-121800-3500
BERGEN,3600,NORTH ARLINGTON BORO,26402856,1666.1,15848,16,26963120,1686.3,15990,11,"L. K-12|K-12,0-1800",LK-12K-120-1800
BERGEN,3700,NORTHERN HIGHLANDS REG,25769476,1327.6,19411,30,27186848,1364.3,19927,24,"G. G9-12|7-12,9-12",GG9-127-129-12
BERGEN,3710,NORTHERN VALLEY REGIONAL,54359796,2601,20900,35,55661394,2533.5,21970,35,"G. G9-12|7-12,9-12",GG9-127-129-12
BERGEN,3730,NORTHVALE BORO,8752667,596.3,14679,8,9262591,583.7,15869,15,"D. K-8|K-8,401-750",DK-8K-8401-750
BERGEN,3740,NORWOOD BORO,9551352,623.1,15328,13,9805452,620.2,15811,14,"D. K-8|K-8,401-750",DK-8K-8401-750
BERGEN,3760,OAKLAND BORO,27475052,1723.7,15940,45,28721698,1739.3,16514,48,"E. K-8|K-8,751+",EK-8K-8751plus
BERGEN,3850,OLD TAPPAN BORO,13460967,838.9,16046,50,13301480,797.6,16677,51,"E. K-8|K-8,751+",EK-8K-8751plus
BERGEN,3870,ORADELL BORO,11217700,809.4,13860,11,12275186,796.2,15418,18,A. K-6|K-6,AK-6K-6
BERGEN,3910,PALISADES PARK,24416600,1553.7,15715,15,24273300,1594,15228,8,"L. K-12|K-12,0-1800",LK-12K-120-1800
BERGEN,3930,PARAMUS BORO,76440560,4211.1,18152,79,80748990,4114,19628,81,"N. K-12|K-12,3500+",NK-12K-123500plus
BERGEN,3940,PARK RIDGE BORO,24874138,1333.2,18658,38,26270291,1298.2,20235,40,"L. K-12|K-12,0-1800",LK-12K-120-1800
BERGEN,3960,PASCACK VALLEY REGIONAL,42670722,2084.7,20468,32,47920805,2088.8,22941,40,"G. G9-12|7-12,9-12",GG9-127-129-12
BERGEN,4300,RAMAPO-INDIAN HILL REG,48800803,2376.8,20533,33,50945917,2309.5,22060,36,"G. G9-12|7-12,9-12",GG9-127-129-12
BERGEN,4310,RAMSEY BORO,55301744,3111.3,17774,54,55668012,3074.4,18107,51,"M. K-12|K-12,1800-3500",MK-12K-121800-3500
BERGEN,4370,RIDGEFIELD BORO,35285641,1888,18690,39,35382534,1864,18982,37,"L. K-12|K-12,0-1800",LK-12K-120-1800
BERGEN,4380,RIDGEFIELD PARK TWP,34659682,2245.8,15433,17,36284071,2263.7,16029,15,"M. K-12|K-12,1800-3500",MK-12K-121800-3500
BERGEN,4390,RIDGEWOOD VILLAGE,94166800,5796.3,16246,44,101254816,5784.8,17504,51,"N. K-12|K-12,3500+",NK-12K-123500plus
BERGEN,4405,RIVER DELL REGIONAL,30353256,1647,18429,18,31675155,1692,18721,17,"F. G7-12|7-12,9-12",FG7-127-129-12
BERGEN,4410,RIVER EDGE BORO,16938397,1196.6,14156,15,16893969,1168.7,14456,10,A. K-6|K-6,AK-6K-6
BERGEN,4430,RIVER VALE TWP,21922391,1413.9,15505,36,22395400,1249.4,17925,74,"E. K-8|K-8,751+",EK-8K-8751plus
BERGEN,4470,ROCHELLE PARK TWP,10871532,594.7,18280,52,10953607,609.6,17968,40,"J. K-12|K-8,401-750",JK-12K-8401-750
BERGEN,4600,RUTHERFORD BORO,41457776,2504.3,16555,38,42765035,2552.8,16752,27,"M. K-12|K-12,1800-3500",MK-12K-121800-3500
BERGEN,4610,SADDLE BROOK TWP,30948864,1779.8,17389,31,32176774,1751.7,18369,31,"L. K-12|K-12,0-1800",LK-12K-120-1800
BERGEN,4620,SADDLE RIVER BORO,8270960,432,19145,49,8830873,430.2,20526,52,H. K-12|K-6,HK-12K-6
BERGEN,4870,SOUTH HACKENSACK TWP,7526726,315.1,23886,60,7903020,360.3,21932,56,"I. K-12|K-8,0-400",IK-12K-80-400
BERGEN,5150,TEANECK TWP,88198091,4092.4,21552,97,91382911,3991.6,22894,96,"N. K-12|K-12,3500+",NK-12K-123500plus
BERGEN,5160,TENAFLY BORO,63679525,3680.4,17303,62,65745418,3696,17788,55,"N. K-12|K-12,3500+",NK-12K-123500plus
BERGEN,5330,UPPER SADDLE RIVER BORO,22454010,1400,16039,49,22235029,1376,16159,41,"E. K-8|K-8,751+",EK-8K-8751plus
BERGEN,5410,WALDWICK BORO,27673541,1620.6,17076,27,28509411,1615.1,17652,25,"L. K-12|K-12,0-1800",LK-12K-120-1800
BERGEN,5430,WALLINGTON BORO,17032876,1201.2,14180,2,17598240,1223.7,14381,2,"L. K-12|K-12,0-1800",LK-12K-120-1800
BERGEN,5755,WESTWOOD REGIONAL,50658422,2794.7,18127,56,50855147,2776.3,18318,54,"M. K-12|K-12,1800-3500",MK-12K-121800-3500
BERGEN,5830,WOOD-RIDGE BORO,17806518,1190.8,14954,6,18132893,1205.9,15036,7,"L. K-12|K-12,0-1800",LK-12K-120-1800
BERGEN,5880,WOODCLIFF LAKE BORO,15044031,829.7,18132,80,14773696,811.8,18199,76,"E. K-8|K-8,751+",EK-8K-8751plus
BERGEN,5920,WYCKOFF TWP,36407898,2348.2,15505,36,37831343,2273.6,16639,49,"E. K-8|K-8,751+",EK-8K-8751plus
BERGEN,6013,BERGEN ARTS & SCIENCE CHARTER SCHOOL,5874207,505,11632,9,8685762,570,15238,27,O. CHARTER,OCHARTER
BERGEN,6430,ENGLEWOOD ON THE PALISADES CHARTER SCHOO,3375292,194.3,17374,57,3311976,185.6,17841,56,O. CHARTER,OCHARTER
BERGEN,7890,TEANECK COMMUNITY CHARTER SCHOOL,4899548,306.5,15988,46,4997337,305.9,16338,41,O. CHARTER,OCHARTER
BURLINGTON,200,BASS RIVER TWP,2139764,121.5,17618,41,2349799,134,17542,37,A. K-6|K-6,AK-6K-6
BURLINGTON,380,BEVERLY CITY,6903547,342.6,20152,51,7244914,389.5,18603,36,"I. K-12|K-8,0-400",IK-12K-80-400
BURLINGTON,475,BORDENTOWN REGIONAL,39575955,2444,16193,32,41145973,2461.9,16713,24,"M. K-12|K-12,1800-3500",MK-12K-121800-3500
BURLINGTON,600,BURLINGTON CITY,40256584,1925.7,20904,43,42112117,1829.2,23022,45,"L. K-12|K-12,0-1800",LK-12K-120-1800
BURLINGTON,605,BURLINGTON CO SPEC SERV,45552395,826.7,55102,5,45220781,935.2,48357,3,P. CSSD,PCSSD
BURLINGTON,610,BURLINGTON CO VOCATIONAL,41832669,1957.5,21370,12,44600788,1987.3,22443,11,Q. COUNTY VOC,QCOUNTYVOC
BURLINGTON,620,BURLINGTON TWP,63549056,4179.9,15204,25,65793722,4131.8,15924,27,"N. K-12|K-12,3500+",NK-12K-123500plus
BURLINGTON,830,CHESTERFIELD TWP,9084763,555,16369,29,9897377,583.6,16960,30,A. K-6|K-6,AK-6K-6
BURLINGTON,840,CINNAMINSON TWP,42147425,2398.6,17572,53,43124297,2415.9,17850,47,"M. K-12|K-12,1800-3500",MK-12K-121800-3500
BURLINGTON,1030,DELANCO TWP,8919206,528.5,16876,30,8497850,539.2,15762,7,"I. K-12|K-8,0-400",IK-12K-80-400
BURLINGTON,1060,DELRAN TWP,43903481,2957.9,14843,9,43313646,2935.8,14753,4,"M. K-12|K-12,1800-3500",MK-12K-121800-3500
BURLINGTON,1250,EASTAMPTON TWP,11181119,701,15950,29,11622625,672.5,17282,34,"D. K-8|K-8,401-750",DK-8K-8401-750
BURLINGTON,1280,EDGEWATER PARK TWP,17431849,1066.2,16350,59,16537910,1048.2,15777,32,"K. K-12|K-8,751+",KK-12K-8751plus
BURLINGTON,1420,EVESHAM TWP,77395860,4773.1,16215,56,77702787,4757.6,16332,45,"E. K-8|K-8,751+",EK-8K-8751plus
BURLINGTON,1520,FLORENCE TWP,28396335,1637.4,17343,30,29283027,1638.5,17872,29,"L. K-12|K-12,0-1800",LK-12K-120-1800
BURLINGTON,1910,HAINESPORT TWP,10000846,707.2,14142,5,10309031,702.3,14680,7,"D. K-8|K-8,401-750",DK-8K-8401-750
BURLINGTON,2610,LENAPE REGIONAL,144054299,7477.5,19265,29,153468319,7343.2,20899,32,"G. G9-12|7-12,9-12",GG9-127-129-12
BURLINGTON,2850,LUMBERTON TWP,24625427,1679.9,14659,20,25950014,1657.4,15658,28,"E. K-8|K-8,751+",EK-8K-8751plus
BURLINGTON,2960,MANSFIELD TWP,10756723,714.2,15061,21,11300298,747.1,15126,13,A. K-6|K-6,AK-6K-6
BURLINGTON,3010,MAPLE SHADE TWP,33756025,2173.5,15531,19,35834979,2193.5,16337,21,"M. K-12|K-12,1800-3500",MK-12K-121800-3500
BURLINGTON,3070,MEDFORD LAKES BORO,7236213,547.8,13209,3,7453846,539.4,13819,2,"D. K-8|K-8,401-750",DK-8K-8401-750
BURLINGTON,3080,MEDFORD TWP,48134131,3095.9,15548,39,49326197,3046.5,16191,43,"E. K-8|K-8,751+",EK-8K-8751plus
BURLINGTON,3360,MOORESTOWN TWP,70254627,4301.7,16332,46,71830694,4124.2,17417,49,"N. K-12|K-12,3500+",NK-12K-123500plus
BURLINGTON,3430,MOUNT HOLLY TWP,19307837,1042.5,18521,82,18455755,1021,18077,75,"E. K-8|K-8,751+",EK-8K-8751plus
BURLINGTON,3440,MOUNT LAUREL TWP,65155911,4330.6,15046,29,69054130,4233,16313,44,"E. K-8|K-8,751+",EK-8K-8751plus
BURLINGTON,3540,NEW HANOVER TWP,5120751,252.8,20253,52,6996788,234,29901,64,"I. K-12|K-8,0-400",IK-12K-80-400
BURLINGTON,3650,NORTH HANOVER TWP,26022363,1193.7,21800,55,24120245,1242.9,19407,49,A. K-6|K-6,AK-6K-6
BURLINGTON,3690,NORTHERN BURLINGTON REG,35349052,1892.5,18679,20,35241209,1983,17772,9,"F. G7-12|7-12,9-12",FG7-127-129-12
BURLINGTON,3920,PALMYRA BORO,16115417,959.9,16789,23,17137233,978.7,17510,24,"L. K-12|K-12,0-1800",LK-12K-120-1800
BURLINGTON,4050,PEMBERTON TWP,115137275,5236.9,21986,99,121680017,5288,23010,98,"N. K-12|K-12,3500+",NK-12K-123500plus
BURLINGTON,4320,RANCOCAS VALLEY REGIONAL,35295878,2173,16243,7,33795105,2026.2,16679,5,"G. G9-12|7-12,9-12",GG9-127-129-12
BURLINGTON,4450,RIVERSIDE TWP,22766587,1429.7,15924,18,23783043,1440.8,16507,19,"L. K-12|K-12,0-1800",LK-12K-120-1800
BURLINGTON,4460,RIVERTON,5253621,341.2,15397,13,5519662,341.3,16174,13,"I. K-12|K-8,0-400",IK-12K-80-400
BURLINGTON,4740,SHAMONG TWP,13939412,916.4,15211,32,14566509,901.2,16164,42,"E. K-8|K-8,751+",EK-8K-8751plus
BURLINGTON,4930,SOUTHAMPTON TWP,13707391,806.9,16988,68,14114352,792.9,17802,71,"E. K-8|K-8,751+",EK-8K-8751plus
BURLINGTON,5010,SPRINGFIELD TWP,4797606,291.4,16466,31,4808740,289.8,16594,26,A. K-6|K-6,AK-6K-6
BURLINGTON,5130,TABERNACLE TWP,14032950,866.9,16188,55,14282057,819.8,17421,61,"E. K-8|K-8,751+",EK-8K-8751plus
BURLINGTON,5490,WASHINGTON TWP,1982561,89,22272,57,2026191,84.9,23872,58,"I. K-12|K-8,0-400",IK-12K-80-400
BURLINGTON,5720,WESTAMPTON,14037779,1006.1,13953,12,14667549,1021.2,14363,11,"E. K-8|K-8,751+",EK-8K-8751plus
BURLINGTON,5805,WILLINGBORO TWP,73994106,4478.3,16523,48,75960197,4434.2,17131,45,"N. K-12|K-12,3500+",NK-12K-123500plus
BURLINGTON,5890,WOODLAND TWP,2576733,146.3,17617,34,2620963,154.9,16918,21,"C. K-8|K-8,0-400",CK-8K-80-400
BURLINGTON,6026,RIVERBANK CHARTER SCHOOL OF EXCELLENCE,1093526,118,9267,2,1385877,138.6,10000,3,O. CHARTER,OCHARTER
BURLINGTON,6044,RENAISSANCE REGIONAL LEADERSHIP CHARTER,1280637,135.8,9430,3,1492085,140.4,10627,4,O. CHARTER,OCHARTER
CAMDEN,150,AUDUBON BORO,23431199,1462,16027,21,24527044,1430.5,17146,22,"L. K-12|K-12,0-1800",LK-12K-120-1800
CAMDEN,190,BARRINGTON BORO,14359106,906.6,15838,24,14097967,898.1,15697,12,"J. K-12|K-8,401-750",JK-12K-8401-750
CAMDEN,260,BELLMAWR BORO,14842675,1158.2,12815,4,14446442,1150.3,12558,2,"E. K-8|K-8,751+",EK-8K-8751plus
CAMDEN,330,BERLIN BORO,11134182,874,12740,3,11658289,871.7,13374,6,"E. K-8|K-8,751+",EK-8K-8751plus
CAMDEN,340,BERLIN TWP,14838471,823.8,18013,49,14696617,834.5,17612,38,"J. K-12|K-8,401-750",JK-12K-8401-750
CAMDEN,390,BLACK HORSE PIKE REGIONAL,67975452,4241.7,16025,5,68673988,4091.7,16784,6,"G. G9-12|7-12,9-12",GG9-127-129-12
CAMDEN,580,BROOKLAWN BORO,5558582,400.6,13875,3,6020483,434.9,13842,2,"I. K-12|K-8,0-400",IK-12K-80-400
CAMDEN,680,CAMDEN CITY,320312367,14359.7,22306,100,336146343,14177.8,23709,104,"N. K-12|K-12,3500+",NK-12K-123500plus
CAMDEN,700,CAMDEN COUNTY VOCATIONAL,45394653,2376.4,19102,10,45780679,2067.6,22142,10,Q. COUNTY VOC,QCOUNTYVOC
CAMDEN,800,CHERRY HILL TWP,180708667,11507.3,15704,33,187954001,11446.3,16420,34,"N. K-12|K-12,3500+",NK-12K-123500plus
CAMDEN,880,CLEMENTON BORO,12064044,685.8,17590,45,12078679,647.1,18667,46,"J. K-12|K-8,401-750",JK-12K-8401-750
CAMDEN,940,COLLINGSWOOD BORO,33045716,1913,17274,48,33410076,1903.2,17554,42,"M. K-12|K-12,1800-3500",MK-12K-121800-3500
CAMDEN,1255,EASTERN CAMDEN COUNTY REG,33897901,2155.8,15724,4,34776603,2113.7,16453,3,"G. G9-12|7-12,9-12",GG9-127-129-12
CAMDEN,1720,GIBBSBORO BORO,4644822,251.2,18488,39,4677332,250,18712,37,"C. K-8|K-8,0-400",CK-8K-80-400
CAMDEN,1770,GLOUCESTER CITY,46151325,2095.6,22023,64,48493560,2135.6,22707,65,"M. K-12|K-12,1800-3500",MK-12K-121800-3500
CAMDEN,1780,GLOUCESTER TWP,101719715,7445.3,13662,11,106871785,7157.6,14931,20,"E. K-8|K-8,751+",EK-8K-8751plus
CAMDEN,1880,HADDON HEIGHTS BORO,22668272,1340.4,16912,25,22710674,1325.5,17133,21,"L. K-12|K-12,0-1800",LK-12K-120-1800
CAMDEN,1890,HADDON TWP,31640412,2158.4,14659,7,32584309,2135.6,15257,9,"M. K-12|K-12,1800-3500",MK-12K-121800-3500
CAMDEN,1900,HADDONFIELD,36553043,2482.7,14723,8,37737662,2523.9,14952,5,"M. K-12|K-12,1800-3500",MK-12K-121800-3500
CAMDEN,2540,LAUREL SPRINGS BORO,4512561,324.2,13917,12,4719144,335.4,14071,7,H. K-12|K-6,HK-12K-6
CAMDEN,2560,LAWNSIDE BORO,9204215,436,21110,55,8872940,425.9,20832,50,"I. K-12|K-8,0-400",IK-12K-80-400
CAMDEN,2670,LINDENWOLD BORO,41911711,2296.3,18252,57,42881105,2354.7,18211,53,"M. K-12|K-12,1800-3500",MK-12K-121800-3500
CAMDEN,2890,MAGNOLIA BORO,7257460,431.9,16805,36,6955571,448.9,15495,11,"D. K-8|K-8,401-750",DK-8K-8401-750
CAMDEN,3110,MERCHANTVILLE BORO,6405304,388.6,16483,21,6867613,429,16008,11,"I. K-12|K-8,0-400",IK-12K-80-400
CAMDEN,3420,MOUNT EPHRAIM BORO,10017068,645.1,15528,18,10377839,642.2,16159,21,"J. K-12|K-8,401-750",JK-12K-8401-750
CAMDEN,3770,OAKLYN BORO,8488453,542.2,15657,13,8582148,580.2,14791,5,"L. K-12|K-12,0-1800",LK-12K-120-1800
CAMDEN,4060,PENNSAUKEN TWP,95417706,5639.7,16919,53,101913224,5495.2,18546,69,"N. K-12|K-12,3500+",NK-12K-123500plus
CAMDEN,4110,PINE HILL BORO,37391098,1957.3,19103,60,36889552,1923.8,19175,57,"M. K-12|K-12,1800-3500",MK-12K-121800-3500
CAMDEN,4590,RUNNEMEDE BORO,12487305,853.4,14632,19,12124795,854.7,14186,10,"E. K-8|K-8,751+",EK-8K-8751plus
CAMDEN,4790,SOMERDALE BORO,7146579,512.1,13954,4,7436542,531.2,13998,3,"D. K-8|K-8,401-750",DK-8K-8401-750
CAMDEN,5035,STERLING HIGH SCHOOL DIST,16481941,984.8,16736,9,17226270,955,18039,11,"G. G9-12|7-12,9-12",GG9-127-129-12
CAMDEN,5080,STRATFORD BORO,11873971,842.8,14089,13,12605106,792.3,15909,36,"E. K-8|K-8,751+",EK-8K-8751plus
CAMDEN,5400,VOORHEES TWP,51925827,3211.5,16169,54,51180981,3205.6,15966,38,"E. K-8|K-8,751+",EK-8K-8751plus
CAMDEN,5560,WATERFORD TWP,25784101,1756.7,14678,18,25839761,1732.4,14916,12,H. K-12|K-6,HK-12K-6
CAMDEN,5820,WINSLOW TWP,97674295,5368.4,18194,80,99097061,5029,19705,82,"N. K-12|K-12,3500+",NK-12K-123500plus
CAMDEN,5900,WOODLYNNE BORO,10111568,609.7,16584,32,9882365,638.3,15481,10,"J. K-12|K-8,401-750",JK-12K-8401-750
CAMDEN,6024,CAMDEN'S PRIDE CHARTER SCHOOL,3148838,167.1,18844,66,3489107,213.3,16360,43,O. CHARTER,OCHARTER
CAMDEN,6027,INSTITUTE OF EXCELLENCE CHARTER SCHOOL,3639524,320,11374,8,5290476,401.1,13190,12,O. CHARTER,OCHARTER
CAMDEN,6212,CAMDEN ACADEMY CHARTER HIGH SCHOOL,7253851,409.2,17727,60,7184235,408.6,17582,53,O. CHARTER,OCHARTER
CAMDEN,6215,CAMDEN'S PROMISE CHARTER SCHOOL,9538591,398.7,23924,68,8404987,422.3,19901,64,O. CHARTER,OCHARTER
CAMDEN,6232,ENVIRONMENT COMMUNITY OPPORTUNITY CHARTE,2468258,195.9,12600,13,2606139,206.4,12627,8,O. CHARTER,OCHARTER
CAMDEN,6240,FREEDOM ACADEMY CHARTER SCHOOL,3307722,236,14016,21,3764163,244.7,15383,31,O. CHARTER,OCHARTER
CAMDEN,6325,D.U.E. SEASON CHARTER SCHOOL,8973913,499,17986,61,8479106,537.1,15787,35,O. CHARTER,OCHARTER
CAMDEN,7109,LEAP ACADEMY UNIVERSITY HIGH CHARTER SCH,14610973,836,17478,59,16755131,861.3,19453,61,O. CHARTER,OCHARTER
CAPE MAY,170,AVALON BORO,4108874,103,39898,66,4733924,113.6,41656,66,"I. K-12|K-8,0-400",IK-12K-80-400
CAPE MAY,710,CAPE MAY CITY,3467480,154.2,22493,56,3574164,143.8,24847,58,A. K-6|K-6,AK-6K-6
CAPE MAY,715,CAPE MAY CO SPECIAL SERV,14146055,229.6,61624,6,13073961,235.3,55555,6,P. CSSD,PCSSD
CAPE MAY,720,CAPE MAY CO VOCATIONAL,16934090,691,24506,18,17175057,687.8,24972,17,Q. COUNTY VOC,QCOUNTYVOC
CAPE MAY,1080,DENNIS TWP,16473135,872.8,18875,54,17228975,858,20079,56,"J. K-12|K-8,401-750",JK-12K-8401-750
CAPE MAY,2820,LOWER CAPE MAY REGIONAL,31863981,1662.7,19165,27,31754764,1584,20047,26,"F. G7-12|7-12,9-12",FG7-127-129-12
CAPE MAY,2840,LOWER TWP,28005770,1867.7,14995,20,29460673,1855,15881,21,A. K-6|K-6,AK-6K-6
CAPE MAY,3130,MIDDLE TWP,45117829,2868,15731,23,46533238,2780.5,16735,25,"M. K-12|K-12,1800-3500",MK-12K-121800-3500
CAPE MAY,3680,NORTH WILDWOOD CITY,9071685,373.4,24296,62,8958159,358.7,24976,59,"I. K-12|K-8,0-400",IK-12K-80-400
CAPE MAY,3780,OCEAN CITY,41902098,2059.8,20343,63,41786748,2076.8,20121,63,"M. K-12|K-12,1800-3500",MK-12K-121800-3500
CAPE MAY,5060,STONE HARBOR BORO,2351605,94.8,24818,63,3439608,112,30711,65,"I. K-12|K-8,0-400",IK-12K-80-400
CAPE MAY,5340,UPPER TWP,34940901,2191.3,15945,47,34002270,2172.1,15654,27,"K. K-12|K-8,751+",KK-12K-8751plus
CAPE MAY,5610,WEST CAPE MAY BORO,1154375,44,26236,59,1275037,61.1,20876,54,A. K-6|K-6,AK-6K-6
CAPE MAY,5790,WILDWOOD CITY,21196464,798.9,26532,47,21858581,822.6,26571,47,"L. K-12|K-12,0-1800",LK-12K-120-1800
CAPE MAY,5800,WILDWOOD CREST BORO,7336798,318.9,23006,58,7736087,294.3,26288,61,"I. K-12|K-8,0-400",IK-12K-80-400
CAPE MAY,5840,WOODBINE BORO,5821885,286.7,20304,53,6132544,280.6,21854,55,"I. K-12|K-8,0-400",IK-12K-80-400
CUMBERLAND,540,BRIDGETON CITY,91510864,5652.6,16189,41,99413252,5814.7,17097,43,"N. K-12|K-12,3500+",NK-12K-123500plus
CUMBERLAND,950,COMMERCIAL TWP,14712534,930.6,15809,22,14975980,893.5,16761,28,"J. K-12|K-8,401-750",JK-12K-8401-750
CUMBERLAND,995,CUMBERLAND CO VOCATIONAL,7806605,581.5,13424,2,8225319,460,17883,6,Q. COUNTY VOC,QCOUNTYVOC
CUMBERLAND,997,CUMBERLAND REGIONAL,24071691,1239.2,19426,31,24735941,1278.8,19343,21,"G. G9-12|7-12,9-12",GG9-127-129-12
CUMBERLAND,1020,DEERFIELD TWP,5723611,383.2,14935,11,6008810,369.1,16278,14,"C. K-8|K-8,0-400",CK-8K-80-400
CUMBERLAND,1120,DOWNE TWP,3676884,201.8,18222,37,3675654,204.7,17959,33,"I. K-12|K-8,0-400",IK-12K-80-400
CUMBERLAND,1460,FAIRFIELD TWP,10110065,637.9,15849,26,10691115,613.1,17437,36,"D. K-8|K-8,401-750",DK-8K-8401-750
CUMBERLAND,1820,GREENWICH TWP,1327705,75.9,17503,32,1367790,79.2,17281,24,"C. K-8|K-8,0-400",CK-8K-80-400
CUMBERLAND,2270,HOPEWELL TWP,8601756,543.4,15830,23,8391138,521.6,16087,19,"D. K-8|K-8,401-750",DK-8K-8401-750
CUMBERLAND,2570,LAWRENCE TWP,9544902,574,16629,34,9954427,585.9,16989,30,"J. K-12|K-8,401-750",JK-12K-8401-750
CUMBERLAND,3050,MAURICE RIVER TWP,8173449,531.1,15389,16,8039490,553.9,14514,6,"J. K-12|K-8,401-750",JK-12K-8401-750
CUMBERLAND,3230,MILLVILLE CITY,111475704,6474.7,17217,60,113179553,6322.8,17900,58,"N. K-12|K-12,3500+",NK-12K-123500plus
CUMBERLAND,5070,STOW CREEK TWP,1961553,139.3,14081,5,2075033,120.2,17264,23,"C. K-8|K-8,0-400",CK-8K-80-400
CUMBERLAND,5300,UPPER DEERFIELD TWP,15600792,914.8,17054,71,15299463,866.3,17661,70,"E. K-8|K-8,751+",EK-8K-8751plus
CUMBERLAND,5390,VINELAND CITY,200238002,11675.7,17150,58,214090380,11710.6,18282,64,"N. K-12|K-12,3500+",NK-12K-123500plus
CUMBERLAND,6028,VINELAND PUBLIC CHARTER SCHOOL,1531779,147.8,10362,4,1875923,188.3,9965,2,O. CHARTER,OCHARTER
ESSEX,250,BELLEVILLE TOWN,66415045,4622.8,14367,8,66230260,4731.9,13997,3,"N. K-12|K-12,3500+",NK-12K-123500plus
ESSEX,410,BLOOMFIELD TWP,92103030,6052.1,15218,26,97512985,6211.5,15699,22,"N. K-12|K-12,3500+",NK-12K-123500plus
ESSEX,660,CALDWELL-WEST CALDWELL,42554027,2632.7,16163,31,43696598,2601.9,16794,30,"M. K-12|K-12,1800-3500",MK-12K-121800-3500
ESSEX,760,CEDAR GROVE TWP,26408464,1530.7,17253,29,27567202,1200.6,22962,44,"L. K-12|K-12,0-1800",LK-12K-120-1800
ESSEX,1210,EAST ORANGE,250310347,11002.8,22750,103,256340781,10862.1,23600,103,"N. K-12|K-12,3500+",NK-12K-123500plus
ESSEX,1390,ESSEX CO VOC-TECH,44349711,2023,21923,13,48161496,2063.8,23336,15,Q. COUNTY VOC,QCOUNTYVOC
ESSEX,1400,ESSEX FELLS BORO,4293364,241.1,17805,43,4483189,204.4,21932,55,A. K-6|K-6,AK-6K-6
ESSEX,1465,FAIRFIELD TWP,10780140,703.1,15332,22,11577126,695.5,16647,27,A. K-6|K-6,AK-6K-6
ESSEX,1750,GLEN RIDGE BORO,28183555,1923.2,14655,6,29610732,1648.5,17963,50,"M. K-12|K-12,1800-3500",MK-12K-121800-3500
ESSEX,2330,IRVINGTON TOWNSHIP,169461673,7997,21191,95,176272196,7692.8,22914,97,"N. K-12|K-12,3500+",NK-12K-123500plus
ESSEX,2730,LIVINGSTON TWP,103102060,5862.2,17588,64,108811825,5855,18584,70,"N. K-12|K-12,3500+",NK-12K-123500plus
ESSEX,3190,MILLBURN TWP,86103414,4950.9,17392,63,88203350,4933.8,17877,57,"N. K-12|K-12,3500+",NK-12K-123500plus
ESSEX,3310,MONTCLAIR TOWN,120045805,6742,17806,71,121599322,6711.5,18118,60,"N. K-12|K-12,3500+",NK-12K-123500plus
ESSEX,3570,NEWARK CITY,962229754,44331,21706,98,1003365545,43322.4,23160,100,"N. K-12|K-12,3500+",NK-12K-123500plus
ESSEX,3630,NORTH CALDWELL BORO,11695480,678,17249,38,12709150,681.5,18650,44,A. K-6|K-6,AK-6K-6
ESSEX,3750,NUTLEY TOWN,63791836,3999.3,15951,38,65174324,4005.5,16271,32,"N. K-12|K-12,3500+",NK-12K-123500plus
ESSEX,3880,CITY OF ORANGE TWP,100412081,5299.3,18948,85,112895564,5394.8,20927,91,"N. K-12|K-12,3500+",NK-12K-123500plus
ESSEX,4530,ROSELAND BORO,8415663,511.5,16454,30,8871027,498.9,17780,38,A. K-6|K-6,AK-6K-6
ESSEX,4900,SOUTH ORANGE-MAPLEWOOD,118450174,6619,17895,73,120448740,6651.7,18108,59,"N. K-12|K-12,3500+",NK-12K-123500plus
ESSEX,5370,VERONA BORO,33140208,2185.8,15161,14,34591059,2237.7,15458,11,"M. K-12|K-12,1800-3500",MK-12K-121800-3500
ESSEX,5630,WEST ESSEX REGIONAL,37479633,1612.1,23249,41,37845506,1640.1,23075,41,"F. G7-12|7-12,9-12",FG7-127-129-12
ESSEX,5680,WEST ORANGE TOWN,144436017,6801.4,21236,96,145149314,6894.3,21053,93,"N. K-12|K-12,3500+",NK-12K-123500plus
ESSEX,6016,ADELAIDE L. SANFORD CHARTER SCHOOL,4468849,286.7,15587,41,4493910,326.7,13755,17,O. CHARTER,OCHARTER
ESSEX,6020,PRIDE ACADEMY CHARTER SCHOOL,3746188,238.8,15690,44,4801693,239.4,20057,65,O. CHARTER,OCHARTER
ESSEX,6022,BURCH CHARTER SCHOOL OF EXCELLENCE,2563991,212.5,12066,11,3648318,264.4,13798,19,O. CHARTER,OCHARTER
ESSEX,6029,NEWARK EDUCATORS CHARTER SCHOOL,3794522,248.7,15255,35,4896998,280.4,17461,52,O. CHARTER,OCHARTER
ESSEX,6037,NEWARK LEGACY CHARTER SCHOOL,1932374,116,16658,52,2913839,171.1,17028,48,O. CHARTER,OCHARTER
ESSEX,6038,VISIONS ACADEMY CHARTER HIGH SCHOOL,2388690,147.3,16216,48,4063762,266.3,15260,28,O. CHARTER,OCHARTER
ESSEX,6320,DISCOVERY CHARTER SCHOOL,1290275,75,17204,55,1337408,75,17832,55,O. CHARTER,OCHARTER
ESSEX,6410,EAST ORANGE COMMUNITY CHARTER SCHOOL,7745384,489.9,15811,45,8341890,486.9,17132,50,O. CHARTER,OCHARTER
ESSEX,6665,GRAY CHARTER SCHOOL,4485067,270.4,16588,50,4755642,268.3,17725,54,O. CHARTER,OCHARTER
ESSEX,7100,LADY LIBERTY ACADEMY CHARTER SCHOOL,7452532,453.7,16426,49,8383151,459,18264,57,O. CHARTER,OCHARTER
ESSEX,7210,MARION P. THOMAS CHARTER SCHOOL,9439988,546.1,17287,56,10664938,652.1,16356,42,O. CHARTER,OCHARTER
ESSEX,7280,GREATER NEWARK CHARTER SCHOOL,2433177,168.1,14475,27,2703390,166,16285,40,O. CHARTER,OCHARTER
ESSEX,7290,NEW HORIZONS COMMUNITY CHARTER SCHOOL,7279967,451.3,16132,47,10181236,454,22426,68,O. CHARTER,OCHARTER
ESSEX,7320,NORTH STAR ACADEMY CHARTER SCHOOL OF NEW,21201050,1256.1,16878,53,30998597,1677,18485,58,O. CHARTER,OCHARTER
ESSEX,7325,TEAM ACADEMY CHARTER SCHOOL,23278752,1279,18200,62,29490005,1482.5,19892,63,O. CHARTER,OCHARTER
ESSEX,7730,ROBERT TREAT ACADEMY CHARTER SCHOOL,8054535,524.9,15345,36,8783961,550.2,15964,36,O. CHARTER,OCHARTER
ESSEX,7735,MARIA L. VARISCO-ROGERS CHARTER SCHOOL,4946609,366,13515,17,6912418,468.1,14767,23,O. CHARTER,OCHARTER
ESSEX,8065,UNIVERSITY HEIGHTS CHARTER SCHOOL,3714753,223.2,16641,51,4307976,286.7,15027,26,O. CHARTER,OCHARTER
GLOUCESTER,860,CLAYTON BORO,21961937,1376,15961,20,22462689,1503,14945,6,"L. K-12|K-12,0-1800",LK-12K-120-1800
GLOUCESTER,870,CLEARVIEW REGIONAL,36235200,2536.3,14287,2,36474038,2515.3,14501,2,"F. G7-12|7-12,9-12",FG7-127-129-12
GLOUCESTER,1100,DEPTFORD TWP,65973680,4440.4,14858,15,67414856,4428.9,15221,13,"N. K-12|K-12,3500+",NK-12K-123500plus
GLOUCESTER,1180,EAST GREENWICH TWP,13209369,1013.6,13032,2,13797518,1119.7,12322,1,A. K-6|K-6,AK-6K-6
GLOUCESTER,1330,ELK TWP,5435152,389.2,13966,13,5890395,399,14764,11,A. K-6|K-6,AK-6K-6
GLOUCESTER,1590,FRANKLIN TWP,19012782,1440.2,13201,3,19879893,1405.2,14148,9,A. K-6|K-6,AK-6K-6
GLOUCESTER,1715,GATEWAY REGIONAL,18976992,865.4,21930,40,19613421,909.9,21556,34,"F. G7-12|7-12,9-12",FG7-127-129-12
GLOUCESTER,1730,GLASSBORO,39237022,2277.5,17228,46,40288560,2278.5,17682,45,"M. K-12|K-12,1800-3500",MK-12K-121800-3500
GLOUCESTER,1774,GLOUCESTER CO SPEC SERV,33280634,692.5,48060,2,34531275,730.2,47292,2,P. CSSD,PCSSD
GLOUCESTER,1775,GLOUCESTER CO VOCATIONAL,22898397,1233.1,18569,8,24069626,1246.5,19310,7,Q. COUNTY VOC,QCOUNTYVOC
GLOUCESTER,1830,GREENWICH TWP,11889709,618.2,19233,57,12267497,618,19849,54,"J. K-12|K-8,401-750",JK-12K-8401-750
GLOUCESTER,2070,HARRISON TWP,19986552,1501.7,13309,6,20741406,1491.3,13908,5,A. K-6|K-6,AK-6K-6
GLOUCESTER,2440,KINGSWAY REGIONAL,30417931,2266.1,13423,1,32704890,2287.3,14298,1,"F. G7-12|7-12,9-12",FG7-127-129-12
GLOUCESTER,2750,LOGAN TWP,18631520,1218.7,15289,34,18782261,1198,15679,30,"K. K-12|K-8,751+",KK-12K-8751plus
GLOUCESTER,2990,MANTUA TWP,20936592,1441,14529,17,21701459,1402.8,15470,19,A. K-6|K-6,AK-6K-6
GLOUCESTER,3280,MONROE TWP,85513867,6132.8,13944,3,89001539,6082.3,14633,8,"N. K-12|K-12,3500+",NK-12K-123500plus
GLOUCESTER,3490,NATIONAL PARK BORO,4358175,292.9,14881,19,4432387,273.1,16231,24,A. K-6|K-6,AK-6K-6
GLOUCESTER,4020,PAULSBORO BORO,22174084,1271.6,17438,33,23097786,1247.6,18514,33,"L. K-12|K-12,0-1800",LK-12K-120-1800
GLOUCESTER,4140,PITMAN BORO,24433501,1578.8,15476,12,25497015,1558,16365,17,"L. K-12|K-12,0-1800",LK-12K-120-1800
GLOUCESTER,4880,SOUTH HARRISON TWP,5015990,377.7,13282,5,5076466,372.3,13634,4,A. K-6|K-6,AK-6K-6
GLOUCESTER,4940,DELSEA REGIONAL H.S DIST.,29944467,1783.3,16791,10,30646941,1750.5,17507,8,"F. G7-12|7-12,9-12",FG7-127-129-12
GLOUCESTER,5120,SWEDESBORO-WOOLWICH,23866370,1757.7,13578,8,24202115,1737.4,13930,6,A. K-6|K-6,AK-6K-6
GLOUCESTER,5500,WASHINGTON TWP,140729092,8433.9,16686,51,141694712,8235.6,17205,46,"N. K-12|K-12,3500+",NK-12K-123500plus
GLOUCESTER,5590,WENONAH BORO,3201746,254.3,12593,1,3277515,247.1,13262,2,A. K-6|K-6,AK-6K-6
GLOUCESTER,5620,WEST DEPTFORD TWP,44879273,3148.9,14252,4,46967019,3097.4,15163,6,"M. K-12|K-12,1800-3500",MK-12K-121800-3500
GLOUCESTER,5740,WESTVILLE BORO,5521961,338.6,16309,28,5685074,356.3,15956,23,A. K-6|K-6,AK-6K-6
GLOUCESTER,5860,WOODBURY CITY,28625607,1557.9,18374,35,29091287,1533.6,18970,36,"L. K-12|K-12,0-1800",LK-12K-120-1800
GLOUCESTER,5870,WOODBURY HEIGHTS BORO,3581873,233.4,15347,23,3468322,227.7,15230,15,A. K-6|K-6,AK-6K-6
HUDSON,220,BAYONNE CITY,133783544,9295.3,14393,9,134275213,9286.2,14460,4,"N. K-12|K-12,3500+",NK-12K-123500plus
HUDSON,1200,EAST NEWARK BORO,4674713,325.9,14344,7,5575242,351.2,15874,9,"I. K-12|K-8,0-400",IK-12K-80-400
HUDSON,1850,GUTTENBERG TOWN,16212621,1401.1,11571,1,16206023,1364.4,11878,1,"K. K-12|K-8,751+",KK-12K-8751plus
HUDSON,2060,HARRISON TOWN,44272068,2309.6,19169,61,49136536,2386,20594,64,"M. K-12|K-12,1800-3500",MK-12K-121800-3500
HUDSON,2210,HOBOKEN CITY,58381305,2445.8,23870,66,59131260,3010.8,19640,60,"M. K-12|K-12,1800-3500",MK-12K-121800-3500
HUDSON,2295,HUDSON COUNTY VOCATIONAL,50432784,1286.4,39204,21,49667500,1257.7,39491,21,Q. COUNTY VOC,QCOUNTYVOC
HUDSON,2390,JERSEY CITY,643441251,28728.5,22397,101,661261323,29688.6,22273,95,"N. K-12|K-12,3500+",NK-12K-123500plus
HUDSON,2410,KEARNY TOWN,87263721,5509.8,15838,37,88842904,5975.5,14868,9,"N. K-12|K-12,3500+",NK-12K-123500plus
HUDSON,3610,NORTH BERGEN TWP,116665543,8156.7,14303,7,119879289,8196.5,14626,6,"N. K-12|K-12,3500+",NK-12K-123500plus
HUDSON,4730,SECAUCUS TOWN,37867491,2192.4,17272,47,37680382,2157.1,17468,40,"M. K-12|K-12,1800-3500",MK-12K-121800-3500
HUDSON,5240,UNION CITY,230228458,12274,18757,83,248194548,12484.5,19880,84,"N. K-12|K-12,3500+",NK-12K-123500plus
HUDSON,5580,WEEHAWKEN TWP,23779872,1282.7,18539,36,23949109,1282.4,18675,34,"L. K-12|K-12,0-1800",LK-12K-120-1800
HUDSON,5670,WEST NEW YORK TOWN,136689581,8402.6,16268,45,164587891,8554.8,19239,76,"N. K-12|K-12,3500+",NK-12K-123500plus
HUDSON,6030,THE ETHICAL COMMUNITY CHARTER SCHOOL,1730043,160,10813,5,2208869,197.9,11161,5,O. CHARTER,OCHARTER
HUDSON,6036,HOBOKEN DUAL LANGUAGE CHARTER SCHOOL,1638388,149.5,10962,6,2249144,174.7,12874,10,O. CHARTER,OCHARTER
HUDSON,6235,LIBERTY ACADEMY CHARTER SCHOOL,3931346,270.3,14544,28,4037403,269.5,14983,25,O. CHARTER,OCHARTER
HUDSON,6420,ELYSIAN CHARTER SCHOOL OF HOBOKEN,4151091,284.2,14607,29,4428644,284.4,15572,33,O. CHARTER,OCHARTER
HUDSON,6720,HOBOKEN CHARTER SCHOOL,5016535,273.8,18321,63,4664483,270.3,17256,51,O. CHARTER,OCHARTER
HUDSON,6910,JERSEY CITY COMMUNITY CHARTER SCHOOL,8294320,587.5,14117,22,7847517,573.1,13694,13,O. CHARTER,OCHARTER
HUDSON,6915,JERSEY CITY GOLDEN DOOR CHARTER SCHOOL,6715218,488.4,13750,19,6719360,490.5,13699,14,O. CHARTER,OCHARTER
HUDSON,7115,LEARNING COMMUNITY CHARTER SCHOOL,5671674,476.1,11913,10,6539068,516.5,12661,9,O. CHARTER,OCHARTER
HUDSON,7830,SOARING HEIGHTS IN JERSEY CITY CHARTER S,2441997,217,11252,7,2716319,221.9,12242,6,O. CHARTER,OCHARTER
HUDSON,8060,UNIVERSITY ACADEMY CHARTER SCHOOL,5847277,419.5,13939,20,6369322,416.3,15298,29,O. CHARTER,OCHARTER
HUNTERDON,20,ALEXANDRIA TWP,10618334,589.2,18021,50,10919351,562.6,19408,53,"D. K-8|K-8,401-750",DK-8K-8401-750
HUNTERDON,370,BETHLEHEM TWP,10237659,542,18889,55,9570554,503.3,19016,47,"D. K-8|K-8,401-750",DK-8K-8401-750
HUNTERDON,430,BLOOMSBURY BORO,2670810,193,13838,2,2866580,206,13918,4,"I. K-12|K-8,0-400",IK-12K-80-400
HUNTERDON,670,CALIFON BORO,2583452,153.5,16826,28,2623835,147.7,17765,31,"C. K-8|K-8,0-400",CK-8K-80-400
HUNTERDON,910,CLINTON TOWN - GLEN GARDNER,8450966,510.9,16541,30,8570266,496.1,17275,33,"D. K-8|K-8,401-750",DK-8K-8401-750
HUNTERDON,920,CLINTON TWP,29333245,1686.5,17393,75,30182384,1574.4,19170,81,"E. K-8|K-8,751+",EK-8K-8751plus
HUNTERDON,1040,DELAWARE TWP,9133699,464.6,19658,59,9379770,427.4,21948,64,"D. K-8|K-8,401-750",DK-8K-8401-750
HUNTERDON,1050,DELAWARE VALLEY REGIONAL,18541229,1020.4,18170,14,18997660,968.4,19618,22,"G. G9-12|7-12,9-12",GG9-127-129-12
HUNTERDON,1160,EAST AMWELL TWP,8121107,477.4,17012,38,8231486,448.2,18365,44,"D. K-8|K-8,401-750",DK-8K-8401-750
HUNTERDON,1510,FLEMINGTON-RARITAN REG,58337744,3640.5,16025,48,59460978,3557.9,16713,52,"E. K-8|K-8,751+",EK-8K-8751plus
HUNTERDON,1600,FRANKLIN TWP,6144972,310.2,19813,48,6358216,302,21054,53,"C. K-8|K-8,0-400",CK-8K-80-400
HUNTERDON,1680,FRENCHTOWN BORO,2779622,165.4,16801,27,2902647,158,18374,35,"C. K-8|K-8,0-400",CK-8K-80-400
HUNTERDON,1970,HAMPTON BORO,3275104,130.2,25148,65,3275830,112.1,29227,63,"C. K-8|K-8,0-400",CK-8K-80-400
HUNTERDON,2140,HIGH BRIDGE BORO,7761374,391.4,19829,49,7979091,389.7,20475,47,"C. K-8|K-8,0-400",CK-8K-80-400
HUNTERDON,2220,HOLLAND TWP,11264751,657.9,17123,39,11516911,649.9,17721,39,"D. K-8|K-8,401-750",DK-8K-8401-750
HUNTERDON,2300,HUNTERDON CENTRAL REG,60726898,2953.1,20564,34,61339414,2942.6,20846,31,"G. G9-12|7-12,9-12",GG9-127-129-12
HUNTERDON,2308,HUNTERDON CO VOCATIONAL,4417485,503.8,8768,1,4515146,443.6,10178,1,Q. COUNTY VOC,QCOUNTYVOC
HUNTERDON,2450,KINGWOOD TWP,7371574,429.3,17170,41,7908507,413.7,19115,49,"D. K-8|K-8,401-750",DK-8K-8401-750
HUNTERDON,2530,LAMBERTVILLE CITY,3258802,184.2,17694,42,3545203,208.3,17022,33,A. K-6|K-6,AK-6K-6
HUNTERDON,2590,LEBANON BORO,2594598,106,24477,57,2677792,112.1,23889,57,B. K-8|K-6,BK-8K-6
HUNTERDON,2600,LEBANON TWP,13102442,763.6,17159,40,13375554,734.9,18201,41,"D. K-8|K-8,401-750",DK-8K-8401-750
HUNTERDON,3180,MILFORD BORO,2211605,120.1,18417,38,2235394,124,18027,34,"C. K-8|K-8,0-400",CK-8K-80-400
HUNTERDON,3660,N HUNT/VOORHEES REGIONAL,51483901,2849.5,18067,12,53463717,2900.1,18435,15,"G. G9-12|7-12,9-12",GG9-127-129-12
HUNTERDON,4350,READINGTON TWP,33834439,2039.5,16589,62,33281724,1966.2,16927,56,"E. K-8|K-8,751+",EK-8K-8751plus
HUNTERDON,4890,SOUTH HUNTERDON REGIONAL,10820219,361.6,29921,47,11031191,375.2,29398,47,"F. G7-12|7-12,9-12",FG7-127-129-12
HUNTERDON,5050,STOCKTON BORO,816363,41.2,19820,53,928428,47.3,19610,50,A. K-6|K-6,AK-6K-6
HUNTERDON,5180,TEWKSBURY TWP,13315209,749.6,17763,47,13593388,710.8,19125,50,"D. K-8|K-8,401-750",DK-8K-8401-750
HUNTERDON,5270,UNION TWP,10339392,521.3,19833,60,10251842,533.5,19216,52,"D. K-8|K-8,401-750",DK-8K-8401-750
HUNTERDON,5600,WEST AMWELL TWP,4592383,247.5,18557,47,4440394,248.3,17880,41,A. K-6|K-6,AK-6K-6
MERCER,1245,EAST WINDSOR REGIONAL,84528910,5109.1,16545,49,86268803,5075.7,16996,42,"N. K-12|K-12,3500+",NK-12K-123500plus
MERCER,1430,EWING TWP,64207130,3782.4,16975,56,70167850,3744.7,18738,74,"N. K-12|K-12,3500+",NK-12K-123500plus
MERCER,1950,HAMILTON TWP,185048800,12765,14497,11,191887911,12546.4,15294,16,"N. K-12|K-12,3500+",NK-12K-123500plus
MERCER,2280,HOPEWELL VALLEY REGIONAL,77306035,3894.3,19851,89,79898882,3854,20731,90,"N. K-12|K-12,3500+",NK-12K-123500plus
MERCER,2580,LAWRENCE TWP,72295874,4004.9,18052,77,74640355,4051.1,18425,66,"N. K-12|K-12,3500+",NK-12K-123500plus
MERCER,3103,MERCER CO SPECIAL SERVICE,42091527,661,63675,7,40924307,640,63948,7,P. CSSD,PCSSD
MERCER,3105,MERCER COUNTY VOCATIONAL,9487828,540.5,17553,6,11157885,430.3,25932,18,Q. COUNTY VOC,QCOUNTYVOC
MERCER,4255,PRINCETON REGIONAL,78060264,3458.6,22570,102,80263604,3430.8,23395,101,"N. K-12|K-12,3500+",NK-12K-123500plus
MERCER,5210,TRENTON CITY,276937777,13615.3,20340,93,285038315,13967.9,20407,89,"N. K-12|K-12,3500+",NK-12K-123500plus
MERCER,5510,ROBBINSVILLE TWP,39940837,2834.5,14091,3,42452941,2886,14710,3,"M. K-12|K-12,1800-3500",MK-12K-121800-3500
MERCER,5715,W WINDSOR-PLAINSBORO REG,160408690,9882.4,16232,43,165491850,9755.6,16964,41,"N. K-12|K-12,3500+",NK-12K-123500plus
MERCER,6017,FOUNDATION ACADEMY CHARTER SCHOOL,3150995,201.2,15662,43,4817811,309.9,15548,32,O. CHARTER,OCHARTER
MERCER,6025,PAUL ROBESON CHARTER SCHOOL FOR THE HUMA,3604881,274.9,13115,16,4781018,297.1,16090,37,O. CHARTER,OCHARTER
MERCER,6810,INTERNATIONAL CHARTER SCHOOL OF TRENTON,1678137,89.6,18736,65,1744057,89.4,19510,62,O. CHARTER,OCHARTER
MERCER,7500,PACE CHARTER SCHOOL OF HAMILTON,1393776,110,12671,14,1584211,114.9,13791,18,O. CHARTER,OCHARTER
MERCER,7540,PRINCETON CHARTER SCHOOL,5088590,343.9,14797,31,5574360,343.7,16220,38,O. CHARTER,OCHARTER
MERCER,8140,VILLAGE CHARTER SCHOOL,5567332,357.7,15566,40,5975840,357.9,16697,46,O. CHARTER,OCHARTER
MIDDLESEX,750,CARTERET BORO,58880610,3877,15187,24,57436217,3849,14922,10,"N. K-12|K-12,3500+",NK-12K-123500plus
MIDDLESEX,970,CRANBURY TWP,17608065,879.9,20012,61,17937993,848,21154,61,"J. K-12|K-8,401-750",JK-12K-8401-750
MIDDLESEX,1140,DUNELLEN BORO,16891661,1131.4,14930,5,17206281,1177.2,14616,3,"L. K-12|K-12,0-1800",LK-12K-120-1800
MIDDLESEX,1170,EAST BRUNSWICK TWP,148509950,8597.9,17273,61,148109201,8316.5,17809,56,"N. K-12|K-12,3500+",NK-12K-123500plus
MIDDLESEX,1290,EDISON TWP,216217889,14398.8,15016,18,235440031,14414.7,16333,33,"N. K-12|K-12,3500+",NK-12K-123500plus
MIDDLESEX,2150,HIGHLAND PARK BORO,29968166,1489.5,20120,41,30386887,1506.4,20172,39,"L. K-12|K-12,0-1800",LK-12K-120-1800
MIDDLESEX,2370,JAMESBURG BORO,12794943,893.6,14318,16,13335213,895.5,14891,19,"K. K-12|K-8,751+",KK-12K-8751plus
MIDDLESEX,3120,METUCHEN BORO,36011703,2068.3,17411,51,37154038,2163.7,17171,36,"M. K-12|K-12,1800-3500",MK-12K-121800-3500
MIDDLESEX,3140,MIDDLESEX BORO,31868778,2133.3,14939,10,33044245,2171.3,15219,8,"M. K-12|K-12,1800-3500",MK-12K-121800-3500
MIDDLESEX,3150,MIDDLESEX CO VOCATIONAL,46466098,2048.5,22683,15,46201650,2001.6,23082,13,Q. COUNTY VOC,QCOUNTYVOC
MIDDLESEX,3220,MILLTOWN BORO,15046261,990.8,15186,11,14843194,962.1,15428,9,"J. K-12|K-8,401-750",JK-12K-8401-750
MIDDLESEX,3290,MONROE TWP,103610021,5717.3,18122,78,108150135,5915.4,18283,65,"N. K-12|K-12,3500+",NK-12K-123500plus
MIDDLESEX,3530,NEW BRUNSWICK CITY,176802265,8840.8,19998,90,182105763,9002.2,20229,86,"N. K-12|K-12,3500+",NK-12K-123500plus
MIDDLESEX,3620,NORTH BRUNSWICK TWP,94268692,6027.1,15641,32,94778913,6125.6,15473,19,"N. K-12|K-12,3500+",NK-12K-123500plus
MIDDLESEX,3845,OLD BRIDGE TWP,144048074,9543.8,15093,19,150400741,9299.4,16173,29,"N. K-12|K-12,3500+",NK-12K-123500plus
MIDDLESEX,4090,PERTH AMBOY CITY,189895079,10695.8,17754,69,187155250,10689.5,17508,52,"N. K-12|K-12,3500+",NK-12K-123500plus
MIDDLESEX,4130,PISCATAWAY TWP,110060753,7248,15185,23,112150784,7340.6,15278,15,"N. K-12|K-12,3500+",NK-12K-123500plus
MIDDLESEX,4660,SAYREVILLE BORO,84601731,6002.8,14094,4,88894696,6076.7,14629,7,"N. K-12|K-12,3500+",NK-12K-123500plus
MIDDLESEX,4830,SOUTH AMBOY CITY,17451059,1161.4,15026,8,17457247,1185.6,14724,4,"L. K-12|K-12,0-1800",LK-12K-120-1800
MIDDLESEX,4860,SOUTH BRUNSWICK TWP,138216424,9104.9,15180,22,140471583,9116,15409,18,"N. K-12|K-12,3500+",NK-12K-123500plus
MIDDLESEX,4910,SOUTH PLAINFIELD BORO,55313886,3759.8,14712,14,56345862,3669.1,15357,17,"N. K-12|K-12,3500+",NK-12K-123500plus
MIDDLESEX,4920,SOUTH RIVER BORO,30026768,2366.7,12687,1,31781978,2353.1,13507,1,"M. K-12|K-12,1800-3500",MK-12K-121800-3500
MIDDLESEX,4970,SPOTSWOOD,27352050,1832.2,14928,4,28258385,1803.5,15669,10,"L. K-12|K-12,0-1800",LK-12K-120-1800
MIDDLESEX,5850,WOODBRIDGE TWP,194278969,13207.2,14710,13,208738097,13284.8,15713,23,"N. K-12|K-12,3500+",NK-12K-123500plus
MIDDLESEX,6032,ACADEMY FOR URBAN LEADERSHIP CHARTER HIG,1459369,99.3,14697,30,2728511,199,13711,15,O. CHARTER,OCHARTER
MIDDLESEX,6041,HATIKVAH INTERNATIONAL ACADEMY CHARTER S,1385343,98.1,14122,23,1871514,148.4,12611,7,O. CHARTER,OCHARTER
MIDDLESEX,6635,GREATER BRUNSWICK CHARTER SCHOOL,4468127,298.4,14974,33,5334097,348,15328,30,O. CHARTER,OCHARTER
MONMOUTH,100,ASBURY PARK CITY,75531220,2581.8,29256,67,76745865,2516.1,30502,67,"M. K-12|K-12,1800-3500",MK-12K-121800-3500
MONMOUTH,130,ATLANTIC HIGHLANDS BORO,5423580,312.3,17365,40,5710356,328.3,17394,36,A. K-6|K-6,AK-6K-6
MONMOUTH,180,AVON BORO,3862634,204.1,18927,41,4016128,197.9,20296,45,"I. K-12|K-8,0-400",IK-12K-80-400
MONMOUTH,270,BELMAR BORO,12448808,716.6,17372,43,12485040,710.5,17573,37,"J. K-12|K-8,401-750",JK-12K-8401-750
MONMOUTH,500,BRADLEY BEACH BORO,7037963,358.8,19613,44,7277917,372.3,19547,42,"I. K-12|K-8,0-400",IK-12K-80-400
MONMOUTH,560,BRIELLE BORO,13143877,923.2,14237,6,13940281,877.2,15891,16,"J. K-12|K-8,401-750",JK-12K-8401-750
MONMOUTH,945,COLTS NECK TWP,24086570,1238.4,19450,84,24599954,1200.8,20486,86,"E. K-8|K-8,751+",EK-8K-8751plus
MONMOUTH,1000,DEAL BORO,2719425,115.8,23475,59,3675457,136.2,26982,62,"I. K-12|K-8,0-400",IK-12K-80-400
MONMOUTH,1260,EATONTOWN BORO,21321757,1071.6,19898,85,21297807,1056.5,20160,85,"E. K-8|K-8,751+",EK-8K-8751plus
MONMOUTH,1440,FAIR HAVEN BORO,13460772,1013.8,13278,7,14162976,1025.2,13815,8,"E. K-8|K-8,751+",EK-8K-8751plus
MONMOUTH,1490,FARMINGDALE BORO,2561085,157.6,16252,18,2510337,154.1,16291,15,"C. K-8|K-8,0-400",CK-8K-80-400
MONMOUTH,1640,FREEHOLD BORO,23082292,1420.5,16250,57,22062549,1490.8,14799,16,"E. K-8|K-8,751+",EK-8K-8751plus
MONMOUTH,1650,FREEHOLD REGIONAL,180826134,11774.5,15357,3,185630257,11230.3,16529,4,"G. G9-12|7-12,9-12",GG9-127-129-12
MONMOUTH,1660,FREEHOLD TWP,69851463,4398.7,15880,43,70447071,4299.5,16385,46,"E. K-8|K-8,751+",EK-8K-8751plus
MONMOUTH,2105,HAZLET TWP,51014576,3300.5,15457,18,51596326,3214.5,16051,16,"M. K-12|K-12,1800-3500",MK-12K-121800-3500
MONMOUTH,2120,HENRY HUDSON REGIONAL,9777611,403.1,24254,44,9635697,368.4,26156,46,"F. G7-12|7-12,9-12",FG7-127-129-12
MONMOUTH,2160,HIGHLANDS BORO,3922369,203,19318,50,4068722,195.1,20850,53,A. K-6|K-6,AK-6K-6
MONMOUTH,2230,HOLMDEL TWP,58328910,3245.6,17972,55,60288397,3183.6,18937,56,"M. K-12|K-12,1800-3500",MK-12K-121800-3500
MONMOUTH,2290,HOWELL TWP,113448236,6731.1,16854,65,114770973,6555.7,17507,64,"E. K-8|K-8,751+",EK-8K-8751plus
MONMOUTH,2400,KEANSBURG BORO,40943671,1742.1,23502,46,44511124,1695.4,26255,46,"L. K-12|K-12,0-1800",LK-12K-120-1800
MONMOUTH,2430,KEYPORT BORO,20440514,1119.6,18257,34,20468866,1135.5,18027,30,"L. K-12|K-12,0-1800",LK-12K-120-1800
MONMOUTH,2720,LITTLE SILVER BORO,12658059,794,15941,46,13078253,811.9,16109,40,"E. K-8|K-8,751+",EK-8K-8751plus
MONMOUTH,2770,LONG BRANCH CITY,107883285,5356.6,20140,92,113377121,5389.3,21038,92,"N. K-12|K-12,3500+",NK-12K-123500plus
MONMOUTH,2920,MANALAPAN-ENGLISHTOWN REG,80115797,5320.5,15058,30,81164914,5220.1,15549,25,"E. K-8|K-8,751+",EK-8K-8751plus
MONMOUTH,2930,MANASQUAN BORO,26032619,1702.3,15293,9,26995106,1676.6,16101,13,"L. K-12|K-12,0-1800",LK-12K-120-1800
MONMOUTH,3030,MARLBORO TWP,86080099,5795.2,14854,26,84918489,5644.6,15044,22,"E. K-8|K-8,751+",EK-8K-8751plus
MONMOUTH,3040,MATAWAN-ABERDEEN REGIONAL,62386419,3856.9,16175,40,63696840,3917.7,16259,31,"N. K-12|K-12,3500+",NK-12K-123500plus
MONMOUTH,3160,MIDDLETOWN TWP,157328030,10368.6,15174,21,162619807,10187.4,15963,28,"N. K-12|K-12,3500+",NK-12K-123500plus
MONMOUTH,3200,MILLSTONE TWP,37471618,2204.4,16998,69,37933071,2118.7,17904,73,"K. K-12|K-8,751+",KK-12K-8751plus
MONMOUTH,3250,MONMOUTH BEACH BORO,4476624,310.5,14415,8,4347777,314.7,13816,1,"C. K-8|K-8,0-400",CK-8K-80-400
MONMOUTH,3260,MONMOUTH CO VOCATIONAL,47087383,2143.9,21963,14,46305201,2163.8,21400,9,Q. COUNTY VOC,QCOUNTYVOC
MONMOUTH,3270,MONMOUTH REGIONAL,24920840,1051.6,23698,42,26564820,1016.5,26134,45,"G. G9-12|7-12,9-12",GG9-127-129-12
MONMOUTH,3500,NEPTUNE CITY,7927229,554,14309,7,8738268,571.7,15286,8,"J. K-12|K-8,401-750",JK-12K-8401-750
MONMOUTH,3510,NEPTUNE TWP,95004491,4573.4,20773,94,103787865,4485.7,23138,99,"N. K-12|K-12,3500+",NK-12K-123500plus
MONMOUTH,3810,OCEAN TWP,71515894,4063.7,17599,65,73725672,3980.7,18521,68,"N. K-12|K-12,3500+",NK-12K-123500plus
MONMOUTH,3830,OCEANPORT BORO,10113888,658,15370,15,10393302,649.3,16006,18,"D. K-8|K-8,401-750",DK-8K-8401-750
MONMOUTH,4360,RED BANK BORO,19503171,1090.7,17881,78,19463917,1156.2,16835,54,"E. K-8|K-8,751+",EK-8K-8751plus
MONMOUTH,4365,RED BANK REGIONAL,26983972,1134.9,23776,43,28156345,1166.4,24139,42,"G. G9-12|7-12,9-12",GG9-127-129-12
MONMOUTH,4520,ROOSEVELT BORO,2574395,133.2,19323,51,2436457,153.2,15905,22,H. K-12|K-6,HK-12K-6
MONMOUTH,4570,RUMSON BORO,15663738,993.9,15761,41,15849632,999.5,15858,34,"E. K-8|K-8,751+",EK-8K-8751plus
MONMOUTH,4580,RUMSON-FAIR HAVEN REG,17490198,958.4,18250,15,18407868,915.9,20097,28,"G. G9-12|7-12,9-12",GG9-127-129-12
MONMOUTH,4690,SEA GIRT BORO,4630479,235.9,19630,45,4609103,225.4,20445,46,"I. K-12|K-8,0-400",IK-12K-80-400
MONMOUTH,4760,SHORE REGIONAL,16709295,679.1,24604,46,16461955,667.7,24656,43,"G. G9-12|7-12,9-12",GG9-127-129-12
MONMOUTH,4770,SHREWSBURY BORO,7886427,494.9,15935,28,8343243,486.1,17164,32,"D. K-8|K-8,401-750",DK-8K-8401-750
MONMOUTH,4980,SPRING LAKE BORO,6781611,344.7,19677,46,6896582,333,20710,49,"I. K-12|K-8,0-400",IK-12K-80-400
MONMOUTH,4990,SPRING LAKE HEIGHTS BORO,7963623,514.7,15472,14,8443924,497.9,16960,22,"I. K-12|K-8,0-400",IK-12K-80-400
MONMOUTH,5185,TINTON FALLS,24879444,1566.1,15886,44,26827518,1562.6,17168,57,"E. K-8|K-8,751+",EK-8K-8751plus
MONMOUTH,5230,UNION BEACH,16464739,1088.4,15127,10,17335331,1064.3,16287,23,"J. K-12|K-8,401-750",JK-12K-8401-750
MONMOUTH,5310,UPPER FREEHOLD REGIONAL,38438730,2351.9,16344,35,40570576,2346.7,17288,37,"M. K-12|K-12,1800-3500",MK-12K-121800-3500
MONMOUTH,5420,WALL TWP,67733219,4109,16484,47,69138071,3972.8,17403,48,"N. K-12|K-12,3500+",NK-12K-123500plus
MONMOUTH,5640,WEST LONG BRANCH BORO,10123404,610,16596,33,11105510,606.6,18307,43,"D. K-8|K-8,401-750",DK-8K-8401-750
MONMOUTH,6010,ACADEMY CHARTER HIGH SCHOOL,3538188,182.7,19362,67,3581632,187.1,19143,60,O. CHARTER,OCHARTER
MONMOUTH,6740,HOPE ACADEMY CHARTER SCHOOL,3536709,191,18517,64,3793617,199.6,19002,59,O. CHARTER,OCHARTER
MONMOUTH,7720,RED BANK CHARTER SCHOOL,2708048,175.4,15438,38,2951204,175.5,16818,47,O. CHARTER,OCHARTER
MORRIS,450,BOONTON TOWN,26295339,1279,20559,42,26825792,1303.2,20584,41,"L. K-12|K-12,0-1800",LK-12K-120-1800
MORRIS,460,BOONTON TWP,12567513,802.4,15662,21,12782067,765,16708,27,"J. K-12|K-8,401-750",JK-12K-8401-750
MORRIS,630,BUTLER BORO,21686631,1147.3,18903,40,21815055,1145,19053,38,"L. K-12|K-12,0-1800",LK-12K-120-1800
MORRIS,785,SCH DIST OF THE CHATHAMS,61663979,4027.6,15310,28,64576296,4102.1,15742,24,"N. K-12|K-12,3500+",NK-12K-123500plus
MORRIS,820,CHESTER TWP,23062685,1370,16834,64,23206690,1317.7,17612,67,"E. K-8|K-8,751+",EK-8K-8751plus
MORRIS,1090,DENVILLE TWP,27416749,1813,15123,31,28308163,1807,15666,29,"E. K-8|K-8,751+",EK-8K-8751plus
MORRIS,1110,DOVER TOWN,44870790,2969.6,15110,12,47935236,2955.1,16221,17,"M. K-12|K-12,1800-3500",MK-12K-121800-3500
MORRIS,1190,EAST HANOVER TWP,19932527,1127.2,17684,76,19814224,1125.3,17609,66,"E. K-8|K-8,751+",EK-8K-8751plus
MORRIS,1530,FLORHAM PARK BORO,17633555,1034.2,17051,70,18041717,1022.8,17639,69,"E. K-8|K-8,751+",EK-8K-8751plus
MORRIS,1990,HANOVER PARK REGIONAL,31420874,1457.6,21556,39,32724036,1518.6,21549,33,"G. G9-12|7-12,9-12",GG9-127-129-12
MORRIS,2000,HANOVER TWP,24628877,1524.2,16158,52,24662040,1502.4,16416,47,"E. K-8|K-8,751+",EK-8K-8751plus
MORRIS,2010,HARDING TOWNSHIP,10285085,428.4,24008,61,10363664,452.1,22922,57,"I. K-12|K-8,0-400",IK-12K-80-400
MORRIS,2380,JEFFERSON TWP,57508138,3573.2,16094,28,61151294,3487.1,17536,41,"M. K-12|K-12,1800-3500",MK-12K-121800-3500
MORRIS,2460,KINNELON BORO,37078698,2221.3,16692,40,38437030,2178.9,17641,44,"M. K-12|K-12,1800-3500",MK-12K-121800-3500
MORRIS,2650,LINCOLN PARK BORO,20056584,1212.7,16538,61,20543306,1178.4,17433,62,"K. K-12|K-8,751+",KK-12K-8751plus
MORRIS,2870,MADISON BORO,41132161,2401.2,17130,44,41308231,2462.2,16777,28,"M. K-12|K-12,1800-3500",MK-12K-121800-3500
MORRIS,3090,MENDHAM BORO,10889910,696.4,15637,20,10876628,672,16186,22,"D. K-8|K-8,401-750",DK-8K-8401-750
MORRIS,3100,MENDHAM TWP,17495998,864.7,20234,86,17569295,805.7,21806,88,"E. K-8|K-8,751+",EK-8K-8751plus
MORRIS,3240,MINE HILL TWP,8716519,605.9,14386,16,10036394,637.2,15751,20,H. K-12|K-6,HK-12K-6
MORRIS,3340,MONTVILLE TWP,70829904,4264.1,16611,50,70380968,4183,16825,40,"N. K-12|K-12,3500+",NK-12K-123500plus
MORRIS,3365,MORRIS COUNTY VOCATIONAL,18627915,939.2,19833,11,19266249,942.7,20438,8,Q. COUNTY VOC,QCOUNTYVOC
MORRIS,3370,MORRIS HILLS REGIONAL,61112493,2844,21488,38,63355663,2802.4,22607,39,"G. G9-12|7-12,9-12",GG9-127-129-12
MORRIS,3380,MORRIS PLAINS BORO,15400136,879,17520,44,15903657,871.5,18249,42,"J. K-12|K-8,401-750",JK-12K-8401-750
MORRIS,3385,MORRIS SCHOOL DISTRICT,100360268,4987.8,20121,91,98667943,5029.2,19619,80,"N. K-12|K-12,3500+",NK-12K-123500plus
MORRIS,3410,MOUNT ARLINGTON BORO,10096520,575.2,17553,33,10368953,551.9,18788,38,"I. K-12|K-8,0-400",IK-12K-80-400
MORRIS,3450,MOUNT OLIVE TWP,83191851,4908.2,16949,55,86656996,4774.2,18151,61,"N. K-12|K-12,3500+",NK-12K-123500plus
MORRIS,3460,MOUNTAIN LAKES BORO,37085773,1655.8,22398,45,37490433,1635.6,22922,43,"L. K-12|K-12,0-1800",LK-12K-120-1800
MORRIS,3520,NETCONG BORO,4241163,287.3,14762,9,4552788,284.4,16011,12,"C. K-8|K-8,0-400",CK-8K-80-400
MORRIS,3950,PARSIPPANY-TROY HILLS TWP,133118645,7396.9,17997,76,137638157,7368.3,18680,73,"N. K-12|K-12,3500+",NK-12K-123500plus
MORRIS,4000,LONG HILL TWP,16334275,949.7,17200,74,17050085,929.8,18338,77,"E. K-8|K-8,751+",EK-8K-8751plus
MORRIS,4080,PEQUANNOCK TWP,38272900,2353.8,16260,33,38683424,2292.4,16874,32,"M. K-12|K-12,1800-3500",MK-12K-121800-3500
MORRIS,4330,RANDOLPH TWP,84309416,5353.2,15749,34,91417769,5276.2,17326,47,"N. K-12|K-12,3500+",NK-12K-123500plus
MORRIS,4440,RIVERDALE BORO,7010947,425.2,16488,22,7464624,450.5,16569,19,"I. K-12|K-8,0-400",IK-12K-80-400
MORRIS,4480,ROCKAWAY BORO,8045430,670.4,12001,1,8517508,663,12847,1,"D. K-8|K-8,401-750",DK-8K-8401-750
MORRIS,4490,ROCKAWAY TWP,44281799,2578.8,17172,73,46723175,2507,18637,78,"E. K-8|K-8,751+",EK-8K-8751plus
MORRIS,4560,ROXBURY TWP,72564206,4220.5,17193,59,72064870,4093.6,17604,54,"N. K-12|K-12,3500+",NK-12K-123500plus
MORRIS,5520,WASHINGTON TWP,43662813,2679.3,16296,58,45693228,2564.3,17819,72,"E. K-8|K-8,751+",EK-8K-8751plus
MORRIS,5660,WEST MORRIS REGIONAL,50295480,2772.5,18141,13,50983866,2771.5,18396,14,"G. G9-12|7-12,9-12",GG9-127-129-12
MORRIS,5770,WHARTON BORO,12709088,855.4,14858,27,13441052,839.8,16005,39,"E. K-8|K-8,751+",EK-8K-8751plus
MORRIS,8050,UNITY CHARTER SCHOOL,1958685,149.5,13105,15,2463766,179.5,13727,16,O. CHARTER,OCHARTER
OCEAN,185,BARNEGAT TWP,54511166,3307.1,16483,37,57993139,3230.4,17952,49,"M. K-12|K-12,1800-3500",MK-12K-121800-3500
OCEAN,210,BAY HEAD BORO,3260258,159,20507,54,3484670,176.7,19719,44,"I. K-12|K-8,0-400",IK-12K-80-400
OCEAN,230,BEACH HAVEN BORO,1481217,70.7,20947,54,1482655,63.5,23353,56,A. K-6|K-6,AK-6K-6
OCEAN,320,BERKELEY TWP,33947193,2051.4,16548,32,33998499,2032.6,16727,28,A. K-6|K-6,AK-6K-6
OCEAN,530,BRICK TWP,150225110,10218.5,14701,12,157293961,9928.1,15843,26,"N. K-12|K-12,3500+",NK-12K-123500plus
OCEAN,770,CENTRAL REGIONAL,35695884,1954.5,18263,17,35622625,1981.6,17976,10,"F. G7-12|7-12,9-12",FG7-127-129-12
OCEAN,1150,EAGLESWOOD TWP,2678807,136.3,19650,52,2502829,145.3,17230,35,A. K-6|K-6,AK-6K-6
OCEAN,2350,ISLAND HEIGHTS BORO,2115172,122.3,17300,39,2076602,111,18703,45,A. K-6|K-6,AK-6K-6
OCEAN,2360,JACKSON TWP,138854690,9599.4,14465,10,144876038,9490.2,15266,14,"N. K-12|K-12,3500+",NK-12K-123500plus
OCEAN,2480,LACEY TWP,71281322,4712.3,15127,20,76275903,4642.7,16429,35,"N. K-12|K-12,3500+",NK-12K-123500plus
OCEAN,2500,LAKEHURST BORO,8872837,601,14765,9,9177406,581.6,15781,13,"J. K-12|K-8,401-750",JK-12K-8401-750
OCEAN,2520,LAKEWOOD TWP,126439969,5413.7,23356,104,128833987,5475.8,23528,102,"N. K-12|K-12,3500+",NK-12K-123500plus
OCEAN,2550,LAVALLETTE BORO,4312690,233.2,18490,40,4243412,225.6,18808,39,"I. K-12|K-8,0-400",IK-12K-80-400
OCEAN,2690,LITTLE EGG HARBOR TWP,29645017,1896.3,15633,24,29425296,1809.4,16262,25,A. K-6|K-6,AK-6K-6
OCEAN,2760,LONG BEACH ISLAND,6093088,240.1,25376,58,6247162,245.9,25404,59,A. K-6|K-6,AK-6K-6
OCEAN,2940,MANCHESTER TWP,53684668,3233.5,16603,39,55664862,3110.2,17898,48,"M. K-12|K-12,1800-3500",MK-12K-121800-3500
OCEAN,3790,OCEAN COUNTY VOCATIONAL,23524919,1524.8,15428,4,24699006,1661.8,14863,3,Q. COUNTY VOC,QCOUNTYVOC
OCEAN,3800,OCEAN GATE BORO,2915344,162.4,17947,44,2929965,154.8,18931,46,A. K-6|K-6,AK-6K-6
OCEAN,3820,OCEAN TWP,17807300,986.5,18051,45,17839119,967.2,18445,43,H. K-12|K-6,HK-12K-6
OCEAN,4105,PINELANDS REGIONAL,34223326,1788.1,19140,25,34595689,1726.7,20036,25,"F. G7-12|7-12,9-12",FG7-127-129-12
OCEAN,4190,PLUMSTED TWP,26910171,1697.9,15849,17,28111364,1627.2,17276,23,"L. K-12|K-12,0-1800",LK-12K-120-1800
OCEAN,4210,POINT PLEASANT BORO,39847875,3020.8,13191,2,40946509,2981,13736,2,"M. K-12|K-12,1800-3500",MK-12K-121800-3500
OCEAN,4220,POINT PLEASANT BEACH,15254822,902.2,16908,24,15675630,885.7,17698,27,"L. K-12|K-12,0-1800",LK-12K-120-1800
OCEAN,4710,SEASIDE HEIGHTS BORO,4202951,222.5,18893,48,4355156,226.3,19243,47,A. K-6|K-6,AK-6K-6
OCEAN,4950,SOUTHERN REGIONAL,56314354,3009.1,18715,21,57203873,2989.5,19135,19,"F. G7-12|7-12,9-12",FG7-127-129-12
OCEAN,5020,STAFFORD TWP,38534949,2387.5,16141,26,39167057,2320.2,16881,29,A. K-6|K-6,AK-6K-6
OCEAN,5190,TOMS RIVER REGIONAL,229235065,17087.8,13415,2,236139640,16898.9,13974,2,"N. K-12|K-12,3500+",NK-12K-123500plus
OCEAN,5220,TUCKERTON BORO,4426928,319.8,13843,10,5318266,347.8,15291,17,A. K-6|K-6,AK-6K-6
PASSAIC,420,BLOOMINGDALE BORO,16923867,942.8,17951,48,17493055,915.9,19099,48,"J. K-12|K-8,401-750",JK-12K-8401-750
PASSAIC,900,CLIFTON CITY,156978249,11087.8,14158,6,160388407,11040.4,14527,5,"N. K-12|K-12,3500+",NK-12K-123500plus
PASSAIC,1920,HALEDON BORO,15551209,1050.7,14801,25,14251501,1045.8,13628,7,"E. K-8|K-8,751+",EK-8K-8751plus
PASSAIC,2100,HAWTHORNE BORO,38516292,2511.7,15334,16,40225286,2456.6,16375,22,"M. K-12|K-12,1800-3500",MK-12K-121800-3500
PASSAIC,2510,LAKELAND REGIONAL,22850249,1198.8,19061,23,22290970,1130.4,19720,23,"G. G9-12|7-12,9-12",GG9-127-129-12
PASSAIC,2700,LITTLE FALLS TWP,14042063,944.4,14868,28,14644351,924.4,15842,33,"E. K-8|K-8,751+",EK-8K-8751plus
PASSAIC,3640,NORTH HALEDON BORO,11322984,714.6,15845,25,11411595,707.2,16137,20,"D. K-8|K-8,401-750",DK-8K-8401-750
PASSAIC,3970,PASSAIC CITY,268548414,14313.3,18762,84,285694758,14022.6,20374,88,"N. K-12|K-12,3500+",NK-12K-123500plus
PASSAIC,3980,PASSAIC CO MANCHESTER REG,17357925,822.4,21108,36,18094531,893,20263,30,"G. G9-12|7-12,9-12",GG9-127-129-12
PASSAIC,3990,PASSAIC VALLEY REGIONAL,23714725,1286.4,18434,19,25088965,1371,18300,13,"G. G9-12|7-12,9-12",GG9-127-129-12
PASSAIC,3995,PASSAIC COUNTY VOCATIONAL,75588330,3250.3,23256,16,77992355,3237.5,24091,16,Q. COUNTY VOC,QCOUNTYVOC
PASSAIC,4010,PATERSON CITY,538112270,28259.6,19042,86,552715373,28174.4,19618,79,"N. K-12|K-12,3500+",NK-12K-123500plus
PASSAIC,4230,POMPTON LAKES BORO,31143658,1677.5,18566,37,31982711,1700.6,18806,35,"L. K-12|K-12,0-1800",LK-12K-120-1800
PASSAIC,4270,PROSPECT PARK BORO,11897488,880.5,13512,9,12668482,908.6,13943,9,"E. K-8|K-8,751+",EK-8K-8751plus
PASSAIC,4400,RINGWOOD BORO,21858993,1295.5,16872,66,22514813,1276.8,17634,68,"E. K-8|K-8,751+",EK-8K-8751plus
PASSAIC,5200,TOTOWA BORO,15141388,1030.1,14698,21,15835944,997.2,15880,35,"E. K-8|K-8,751+",EK-8K-8751plus
PASSAIC,5440,WANAQUE BORO,16920774,948.5,17840,77,17901083,956.1,18723,79,"E. K-8|K-8,751+",EK-8K-8751plus
PASSAIC,5570,WAYNE TWP,146439018,8758.1,16720,52,151024671,8631.9,17496,50,"N. K-12|K-12,3500+",NK-12K-123500plus
PASSAIC,5650,WEST MILFORD TWP,71276707,4025.8,17705,68,73008730,3882.3,18806,75,"N. K-12|K-12,3500+",NK-12K-123500plus
PASSAIC,5690,WOODLAND PARK,15820124,1208.5,13091,6,16939033,1142.1,14832,17,"E. K-8|K-8,751+",EK-8K-8751plus
PASSAIC,6021,COMMUNITY CHARTER SCHOOL OF PATERSON,6926181,480,14430,26,7824757,473.3,16532,44,O. CHARTER,OCHARTER
PASSAIC,6230,CLASSICAL ACADEMY CHARTER SCHOOL OF CLIF,892981,114.5,7799,1,922069,116.4,7924,1,O. CHARTER,OCHARTER
PASSAIC,7503,PATERSON CHARTER SCHOOL FOR SCIENCE AND,11460026,739,15507,39,16691597,1009,16543,45,O. CHARTER,OCHARTER
SALEM,60,ALLOWAY TWP,8029336,618.5,12982,2,8398984,598.5,14033,4,"J. K-12|K-8,401-750",JK-12K-8401-750
SALEM,1350,ELSINBORO TWP,2102019,125.3,16775,26,2132502,121.6,17543,29,"I. K-12|K-8,0-400",IK-12K-80-400
SALEM,2800,LOWER ALLOWAYS CREEK,4586586,237,19350,43,4818184,226.5,21275,54,"I. K-12|K-8,0-400",IK-12K-80-400
SALEM,2950,MANNINGTON TWP,3503595,208.2,16826,28,3597411,188.3,19104,40,"I. K-12|K-8,0-400",IK-12K-80-400
SALEM,3860,OLDMANS TWP,4451597,256.8,17335,31,4771785,275.9,17296,25,"I. K-12|K-8,0-400",IK-12K-80-400
SALEM,4070,PENNS GRV-CARNEY'S PT REG,39650007,2429.4,16321,34,40799379,2314.7,17626,43,"M. K-12|K-12,1800-3500",MK-12K-121800-3500
SALEM,4075,PENNSVILLE,30089971,1909.5,15758,24,30494050,1807.8,16868,31,"M. K-12|K-12,1800-3500",MK-12K-121800-3500
SALEM,4150,PITTSGROVE TWP,27678939,1861.2,14872,3,28690847,1773.3,16179,15,"L. K-12|K-12,0-1800",LK-12K-120-1800
SALEM,4280,QUINTON TWP,6084833,425.3,14308,6,7003433,438.1,15985,10,"I. K-12|K-8,0-400",IK-12K-80-400
SALEM,4630,SALEM CITY,27713553,1281.3,21630,44,27881781,1302,21415,42,"L. K-12|K-12,0-1800",LK-12K-120-1800
SALEM,4635,SALEM CO SPECIAL SERVICE,5461105,160.9,33942,1,6070683,161.2,37652,1,P. CSSD,PCSSD
SALEM,4640,SALEM COUNTY VOCATIONAL,10088653,719.8,14017,3,9223522,711,12972,2,Q. COUNTY VOC,QCOUNTYVOC
SALEM,5320,UPPER PITTSGROVE TWP,7741904,553.4,13989,4,8234035,534.1,15418,5,"I. K-12|K-8,0-400",IK-12K-80-400
SALEM,5910,WOODSTOWN-PILESGROVE REG,21622441,1701.5,12708,1,23025741,1712.4,13447,1,"L. K-12|K-12,0-1800",LK-12K-120-1800
SOMERSET,240,BEDMINSTER TWP,16390736,812,20186,62,16711856,823.4,20296,58,"J. K-12|K-8,401-750",JK-12K-8401-750
SOMERSET,350,BERNARDS TWP,89028413,5694.6,15634,31,94998356,5716.5,16618,39,"N. K-12|K-12,3500+",NK-12K-123500plus
SOMERSET,490,BOUND BROOK BORO,23376413,1519.4,15385,11,24924376,1553.5,16044,12,"L. K-12|K-12,0-1800",LK-12K-120-1800
SOMERSET,510,BRANCHBURG TWP,44642549,2645.3,16876,67,43902227,2522.1,17407,60,"K. K-12|K-8,751+",KK-12K-8751plus
SOMERSET,555,BRIDGEWATER-RARITAN REG,144831164,8960.8,16163,39,145947726,8803.5,16578,38,"N. K-12|K-12,3500+",NK-12K-123500plus
SOMERSET,1610,FRANKLIN TWP,147233107,8051,18288,81,147429595,7988.7,18455,67,"N. K-12|K-12,3500+",NK-12K-123500plus
SOMERSET,1810,GREEN BROOK TWP,23871919,1396.5,17094,72,23565761,1371.4,17184,58,"K. K-12|K-8,751+",KK-12K-8751plus
SOMERSET,2170,HILLSBOROUGH TWP,115214784,7462.3,15440,29,122335490,7412.3,16504,37,"N. K-12|K-12,3500+",NK-12K-123500plus
SOMERSET,3000,MANVILLE BORO,20289599,1322.8,15339,10,21287115,1320,16127,14,"L. K-12|K-12,0-1800",LK-12K-120-1800
SOMERSET,3320,MONTGOMERY TWP,81516550,5153.4,15818,35,83741593,5092.5,16444,36,"N. K-12|K-12,3500+",NK-12K-123500plus
SOMERSET,3670,NORTH PLAINFIELD BORO,57527088,3386.1,16989,43,59421016,3426,17344,38,"M. K-12|K-12,1800-3500",MK-12K-121800-3500
SOMERSET,4810,SOMERSET CO VOCATIONAL,15490875,512.9,30204,19,15629264,499.7,31277,19,Q. COUNTY VOC,QCOUNTYVOC
SOMERSET,4815,SOMERSET HILLS REGIONAL,40162816,2088.9,19227,62,40569339,2050,19790,61,"M. K-12|K-12,1800-3500",MK-12K-121800-3500
SOMERSET,4820,SOMERVILLE BORO,41962495,2442.9,17177,45,42861247,2458,17437,39,"M. K-12|K-12,1800-3500",MK-12K-121800-3500
SOMERSET,4850,SOUTH BOUND BROOK,9012657,587.5,15341,14,9572265,587.4,16296,24,"J. K-12|K-8,401-750",JK-12K-8401-750
SOMERSET,5470,WARREN TWP,39667771,2204.2,17997,79,40780789,2112.2,19307,82,"E. K-8|K-8,751+",EK-8K-8751plus
SOMERSET,5540,WATCHUNG BORO,12721539,721,17643,46,13129817,686.3,19132,51,"D. K-8|K-8,401-750",DK-8K-8401-750
SOMERSET,5550,WATCHUNG HILLS REGIONAL,39736858,2084.7,19061,23,41989875,2088.8,20103,29,"G. G9-12|7-12,9-12",GG9-127-129-12
SOMERSET,6018,CENTRAL JERSEY PREP CHARTER SCHOOL,4159387,280.2,14846,32,4141863,315.3,13135,11,O. CHARTER,OCHARTER
SUSSEX,90,ANDOVER REG,15896936,916.6,17344,42,16315755,885.9,18418,45,"J. K-12|K-8,401-750",JK-12K-8401-750
SUSSEX,640,BYRAM TWP,15033444,1037.4,14491,18,15701588,1040.6,15090,23,"E. K-8|K-8,751+",EK-8K-8751plus
SUSSEX,1560,FRANKFORD TWP,11062137,596.6,18542,53,11910041,583.7,20405,59,"D. K-8|K-8,401-750",DK-8K-8401-750
SUSSEX,1570,FRANKLIN BORO,8545077,512.1,16685,35,8475114,502.6,16863,29,"D. K-8|K-8,401-750",DK-8K-8401-750
SUSSEX,1630,FREDON TWP,5448440,335.2,16253,27,5539677,326.1,16988,32,A. K-6|K-6,AK-6K-6
SUSSEX,1800,GREEN TWP,11080464,669.8,16542,31,11142299,654.5,17024,31,"J. K-12|K-8,401-750",JK-12K-8401-750
SUSSEX,1930,HAMBURG BORO,5730849,284.9,20116,50,5805433,277.7,20908,52,"C. K-8|K-8,0-400",CK-8K-80-400
SUSSEX,1980,HAMPTON TWP,6722571,392.4,17130,36,7077568,397.1,17825,40,A. K-6|K-6,AK-6K-6
SUSSEX,2030,HARDYSTON TWP,12382627,746,16599,63,12677960,751,16881,55,"E. K-8|K-8,751+",EK-8K-8751plus
SUSSEX,2165,HIGH POINT REGIONAL,24775884,1157.7,21401,37,24989574,1112.1,22470,38,"G. G9-12|7-12,9-12",GG9-127-129-12
SUSSEX,2240,HOPATCONG,36240351,2139.8,16937,42,39740452,2035.3,19525,59,"M. K-12|K-12,1800-3500",MK-12K-121800-3500
SUSSEX,2465,KITTATINNY REGIONAL,21338772,1113.9,19158,26,21364548,1111.4,19224,20,"F. G7-12|7-12,9-12",FG7-127-129-12
SUSSEX,2490,LAFAYETTE TWP,4975832,260.1,19131,42,5005668,255.4,19598,43,"C. K-8|K-8,0-400",CK-8K-80-400
SUSSEX,2615,LENAPE VALLEY REGIONAL,13909794,845.7,16448,8,15081858,824.4,18295,12,"G. G9-12|7-12,9-12",GG9-127-129-12
SUSSEX,3300,MONTAGUE TWP,7834722,432.1,18133,36,8266544,402.2,20553,48,"I. K-12|K-8,0-400",IK-12K-80-400
SUSSEX,3590,NEWTON TOWN,25851845,1507.9,17145,28,27089839,1521.8,17802,28,"L. K-12|K-12,0-1800",LK-12K-120-1800
SUSSEX,3840,OGDENSBURG BORO,4738169,290.5,16313,20,4718507,304.2,15510,6,"C. K-8|K-8,0-400",CK-8K-80-400
SUSSEX,4650,SANDYSTON-WALPACK TWP,2705009,157.2,17207,37,2896217,146.3,19793,51,A. K-6|K-6,AK-6K-6
SUSSEX,4960,SPARTA TWP,61693522,3897.8,15828,36,68139206,3453,19733,83,"N. K-12|K-12,3500+",NK-12K-123500plus
SUSSEX,5030,STANHOPE BORO,5715630,387,14769,10,5945745,360.3,16502,18,"C. K-8|K-8,0-400",CK-8K-80-400
SUSSEX,5040,STILLWATER TWP,6279142,377.8,16618,33,6490916,365,17785,39,A. K-6|K-6,AK-6K-6
SUSSEX,5100,SUSSEX-WANTAGE REGIONAL,23951828,1481.8,16164,53,24444236,1388.5,17605,65,"E. K-8|K-8,751+",EK-8K-8751plus
SUSSEX,5110,SUSSEX COUNTY VOCATIONAL,13869982,591.6,23447,17,15153593,651.6,23255,14,Q. COUNTY VOC,QCOUNTYVOC
SUSSEX,5360,VERNON TWP,75695426,4046.4,18707,82,76743628,3769.9,20357,87,"N. K-12|K-12,3500+",NK-12K-123500plus
SUSSEX,5435,WALLKILL VALLEY REGIONAL,15303215,796.5,19214,28,16169156,731,22120,37,"G. G9-12|7-12,9-12",GG9-127-129-12
SUSSEX,7850,SUSSEX COUNTY CHARTER SCHOOL FOR TECHNOL,3055612,200.3,15253,34,2820379,199.4,14142,21,O. CHARTER,OCHARTER
UNION,310,BERKELEY HEIGHTS TWP,46285701,2825.4,16382,36,45667754,2810.1,16251,19,"M. K-12|K-12,1800-3500",MK-12K-121800-3500
UNION,850,CLARK TWP,35649852,2354.2,15143,13,36369232,2343.1,15522,12,"M. K-12|K-12,1800-3500",MK-12K-121800-3500
UNION,980,CRANFORD TWP,55732466,3949,14113,5,59317875,3936.5,15069,11,"N. K-12|K-12,3500+",NK-12K-123500plus
UNION,1320,ELIZABETH CITY,460452795,24019.1,19170,88,531435146,24640.3,21568,94,"N. K-12|K-12,3500+",NK-12K-123500plus
UNION,1710,GARWOOD BORO,8471248,534.8,15840,17,8464169,537,15763,8,"I. K-12|K-8,0-400",IK-12K-80-400
UNION,2190,HILLSIDE TWP,54716252,3154.5,17345,50,54201784,3174.7,17073,34,"M. K-12|K-12,1800-3500",MK-12K-121800-3500
UNION,2420,KENILWORTH BORO,22772250,1359.4,16752,22,23585331,1385.7,17020,20,"L. K-12|K-12,0-1800",LK-12K-120-1800
UNION,2660,LINDEN CITY,107940819,6121.3,17634,66,110605984,6055.1,18267,63,"N. K-12|K-12,3500+",NK-12K-123500plus
UNION,3470,MOUNTAINSIDE BORO,15475049,1074.5,14403,17,15813662,1096.2,14426,12,"K. K-12|K-8,751+",KK-12K-8751plus
UNION,3560,NEW PROVIDENCE BORO,36112116,2241.4,16112,30,36948523,2267,16299,20,"M. K-12|K-12,1800-3500",MK-12K-121800-3500
UNION,4160,PLAINFIELD CITY,151325551,7915.6,19117,87,161782340,8091.3,19995,85,"N. K-12|K-12,3500+",NK-12K-123500plus
UNION,4290,RAHWAY CITY,63392093,3914.7,16194,42,66237813,3868,17125,44,"N. K-12|K-12,3500+",NK-12K-123500plus
UNION,4540,ROSELLE BORO,53199312,2856.9,18621,59,55661986,2781.9,20009,62,"M. K-12|K-12,1800-3500",MK-12K-121800-3500
UNION,4550,ROSELLE PARK BORO,32073684,1993.9,16086,27,33387590,1989.4,16783,29,"M. K-12|K-12,1800-3500",MK-12K-121800-3500
UNION,4670,SCOTCH PLAINS-FANWOOD REG,84037521,5617.6,14960,16,84526005,5575,15162,12,"N. K-12|K-12,3500+",NK-12K-123500plus
UNION,5000,SPRINGFIELD TWP,35586296,2217.5,16048,26,39111623,2207.2,17720,46,"M. K-12|K-12,1800-3500",MK-12K-121800-3500
UNION,5090,SUMMIT CITY,71089616,3990.8,17813,72,74466261,4099.4,18165,62,"N. K-12|K-12,3500+",NK-12K-123500plus
UNION,5260,UNION COUNTY VOCATIONAL,25043369,1586.4,15786,5,26770239,1541.5,17367,5,Q. COUNTY VOC,QCOUNTYVOC
UNION,5290,UNION TWP,136298467,7667.2,17777,70,120172390,7629.2,15752,25,"N. K-12|K-12,3500+",NK-12K-123500plus
UNION,5730,WESTFIELD TOWN,94666594,6319,14981,17,99086119,6364.9,15568,20,"N. K-12|K-12,3500+",NK-12K-123500plus
UNION,5810,WINFIELD TWP,3257036,164.9,19746,47,3500621,181,19337,41,"I. K-12|K-8,0-400",IK-12K-80-400
UNION,6033,THE BARACK OBAMA GREEN CHARTER HIGH SCHO,1582475,110.6,14311,24,2531401,162,15625,34,O. CHARTER,OCHARTER
UNION,6217,CENTRAL JERSEY ARTS CHARTER SCHOOL,5991797,354.2,16916,54,5574999,372.9,14950,24,O. CHARTER,OCHARTER
UNION,7600,QUEEN CITY ACADEMY CHARTER SCHOOL,3194989,232.6,13738,18,3519816,244.8,14379,22,O. CHARTER,OCHARTER
UNION,8010,UNION COUNTY TEAMS CHARTER SCHOOL,3579481,249.5,14344,25,3786998,273.8,13830,20,O. CHARTER,OCHARTER
WARREN,30,ALLAMUCHY TWP,8841263,523.2,16898,37,9562459,551,17356,35,"J. K-12|K-8,401-750",JK-12K-8401-750
WARREN,70,ALPHA BORO,4972578,368.2,13505,1,5229843,377.4,13858,3,"I. K-12|K-8,0-400",IK-12K-80-400
WARREN,280,BELVIDERE TOWN,13052866,869,15021,7,12563378,811.3,15485,9,"L. K-12|K-12,0-1800",LK-12K-120-1800
WARREN,400,BLAIRSTOWN TWP,8438320,639.1,13203,4,9151434,600.8,15232,16,A. K-6|K-6,AK-6K-6
WARREN,1620,FRANKLIN TWP,5453782,298.3,18283,46,5587278,288.2,19390,48,A. K-6|K-6,AK-6K-6
WARREN,1670,FRELINGHUYSEN TWP,2826313,179.5,15750,25,2889517,168.1,17188,34,A. K-6|K-6,AK-6K-6
WARREN,1785,GREAT MEADOWS REGIONAL,20387929,1338.2,15236,33,20350883,1278.7,15915,37,"K. K-12|K-8,751+",KK-12K-8751plus
WARREN,1840,GREENWICH TWP,15277495,1257.8,12146,2,15755209,1233.7,12770,3,"K. K-12|K-8,751+",KK-12K-8751plus
WARREN,1870,HACKETTSTOWN,28803187,1853.8,15537,20,30700532,1804.7,17012,33,"M. K-12|K-12,1800-3500",MK-12K-121800-3500
WARREN,2040,HARMONY TWP,6939721,420.6,16501,23,6964457,399.6,17430,26,"I. K-12|K-8,0-400",IK-12K-80-400
WARREN,2250,HOPE TWP,4659731,281.6,16545,24,4841116,271.5,17829,32,"I. K-12|K-8,0-400",IK-12K-80-400
WARREN,2470,KNOWLTON TWP,4675367,275.7,16956,34,4993285,270.8,18440,42,A. K-6|K-6,AK-6K-6
WARREN,2790,LOPATCONG TWP,16774144,1296.5,12938,5,16918810,1270.9,13312,4,"K. K-12|K-8,751+",KK-12K-8751plus
WARREN,2970,MANSFIELD TWP,9345397,700.8,13335,7,9561082,718.8,13302,3,A. K-6|K-6,AK-6K-6
WARREN,3675,NORTH WARREN REGIONAL,17216418,1068.6,16111,6,17526191,1023.2,17129,7,"F. G7-12|7-12,9-12",FG7-127-129-12
WARREN,3890,OXFORD TWP,6996871,386.2,18118,35,6828417,389.7,17523,28,"I. K-12|K-8,0-400",IK-12K-80-400
WARREN,4100,PHILLIPSBURG TOWN,67253006,3757,17901,75,72077742,3714.4,19405,78,"N. K-12|K-12,3500+",NK-12K-123500plus
WARREN,4200,POHATCONG TWP,7657136,497.4,15394,12,8148780,495.3,16451,17,"I. K-12|K-8,0-400",IK-12K-80-400
WARREN,5450,WARREN CO SPECIAL SERVICE,1728574,33.7,51259,4,1663501,31.1,53491,5,P. CSSD,PCSSD
WARREN,5460,WARREN COUNTY VOCATIONAL,9720921,519.7,18704,9,10149147,443.1,22907,12,Q. COUNTY VOC,QCOUNTYVOC
WARREN,5465,WARREN HILLS REGIONAL,34632604,1947.7,17781,11,35261163,1908.4,18477,16,"F. G7-12|7-12,9-12",FG7-127-129-12
WARREN,5480,WASHINGTON BORO,7338072,539.3,13608,9,7916952,561.3,14106,8,A. K-6|K-6,AK-6K-6
WARREN,5530,WASHINGTON TWP,8671817,613.1,14145,14,9047200,597.2,15150,14,A. K-6|K-6,AK-6K-6
WARREN,5780,WHITE TWP,8980620,573.4,15662,15,9102863,520.9,17475,27,"I. K-12|K-8,0-400",IK-12K-80-400
WARREN,7727,RIDGE AND VALLEY CHARTER SCHOOL,1383011,112.9,12249,12,2089870,122,17129,49,O. CHARTER,OCHARTER
