CO,DIST,IND1,IND2,IND3,IND4,IND5,IND6,IND7,IND8,IND9,IND10,IND11,IND12,IND13,IND15,ENROLL,DISTNAME,CONAME,GROUP,OPTYPE,DFG,ABBOTT,FLAG,COUNTY
1,10,9607069,6420228,6211977,175526,32725,1139206,965035,1066668,892727,928322,508888,0,45374,0,838,ABSECON CITY,ATLANTIC,D. K-8 / 751 +,2,CD,,1,ATLANTIC
1,110,135517800,82914660,78467207,2892746,1554707,19226248,17597321,11377822,8639800,19216106,9343719,1000000,1425976,482400,6951,ATLANTIC CITY,ATLANTIC,G. K-12 / 3501 +,3,A,,1,ATLANTIC
1,120,14603825,7181133,6538357,533281,109495,1542242,1437222,1571220,1102644,3622305,1505247,0,326903,101399,1070,ATLANTIC CO VOCATIONAL,ATLANTIC,J. VOC,8,,,1,ATLANTIC
1,125,20316042,11859738,11425554,143704,290480,3938235,3669503,2432733,2089325,1946209,959654,139126,0,111948,440,ATLANTIC CO SPECIAL SERV,ATLANTIC,I. CSSD,7,,,1,ATLANTIC
1,570,13468937,8394843,8066697,256886,71260,1828659,1639359,1328483,1088819,1734347,915247,0,178691,43410,764,BRIGANTINE CITY,ATLANTIC,D. K-8 / 751 +,2,CD,,1,ATLANTIC
1,590,30347143,18311614,17708514,407100,196000,4674792,3775392,3387302,2731802,3218489,1657889,0,739514,92400,2027,BUENA REGIONAL,ATLANTIC,F. K-12 / 1801 - 3500,3,A,,1,ATLANTIC
1,1300,7632696,4519692,4366492,136700,16500,1343553,1217719,859768,702668,813257,394057,0,96425,10000,507,EGG HARBOR CITY,ATLANTIC,C. K-8 / 401 - 750,2,A,,1,ATLANTIC
1,1310,98309335,58898649,56935241,1812644,150764,16403382,14983180,8357571,6683790,12322983,7129873,0,1287842,279458,7762,EGG HARBOR TWP,ATLANTIC,G. K-12 / 3501 +,3,CD,,1,ATLANTIC
1,1410,2673696,1409748,1347249,52499,10000,479255,395226,323482,261682,438921,216487,6000,15786,0,191,ESTELL MANOR CITY,ATLANTIC,B. K-8 / 0 - 400,2,DE,,1,ATLANTIC
1,1540,5400041,3100287,2594830,378328,127129,915919,648869,654666,398128,665208,257208,0,61074,118285,416,FOLSOM BORO,ATLANTIC,C. K-8 / 401 - 750,2,CD,,1,ATLANTIC
1,1690,49034646,32314372,30898882,1150929,264561,7171210,6373145,4571169,3894014,4800515,2471897,19500,118703,72000,3386,GALLOWAY TWP,ATLANTIC,D. K-8 / 751 +,2,CD,,1,ATLANTIC
1,1790,51850090,28072090,26449343,1436280,186467,5520009,5306789,5847036,4830744,9245829,5046184,0,3139643,486234,3500,GREATER EGG HARBOR REG,ATLANTIC,H. 7-12 / 9-12,5,CD,,1,ATLANTIC
1,1940,36880825,22323001,21133289,873452,316260,6026384,5586192,3699097,2913187,4605249,2240414,0,197878,149195,3178,HAMILTON TWP,ATLANTIC,D. K-8 / 751 +,2,CD,,1,ATLANTIC
1,1960,38512260,23919478,21941886,1822872,154720,5721679,4873073,4026834,3129041,3907199,1645979,0,653293,65000,3559,HAMMONTON TOWN,ATLANTIC,G. K-12 / 3501 +,3,B,,1,ATLANTIC
1,2680,13094745,7636961,7286927,271079,78955,2108419,1998047,1558721,1134912,1650150,740000,0,140496,47900,898,LINWOOD CITY,ATLANTIC,D. K-8 / 751 +,2,GH,,1,ATLANTIC
1,2910,22853344,13456921,12941671,498050,17200,3260326,2831079,1767727,1336852,2798638,1322613,0,1268159,222900,1460,MAINLAND REGIONAL,ATLANTIC,H. 7-12 / 9-12,5,DE,,1,ATLANTIC
1,3020,9386273,5353181,5025448,307189,20544,1628510,1326244,877441,650172,1381632,603996,75452,59807,285857,486,MARGATE CITY,ATLANTIC,C. K-8 / 401 - 750,2,DE,,1,ATLANTIC
1,3480,8977617,5911699,5744328,132206,35165,1043319,898400,1043103,871470,942338,532072,17000,20158,0,719,MULLICA TWP,ATLANTIC,C. K-8 / 401 - 750,2,B,,1,ATLANTIC
1,3720,12631938,8558969,8218807,258100,82062,1453074,1312008,1373239,1067098,1179734,583789,0,66921,35000,1045,NORTHFIELD CITY,ATLANTIC,D. K-8 / 751 +,2,DE,,1,ATLANTIC
1,4180,65869557,38629984,36422916,1618754,588314,9447779,8583561,6541943,5387371,9330508,4458264,0,1446951,222982,4023,PLEASANTVILLE CITY,ATLANTIC,G. K-12 / 3501 +,3,A,1,1,ATLANTIC
1,4240,1850285,1128322,1089322,15500,23500,344958,298193,188875,141975,183066,87754,0,5065,0,121,PORT REPUBLIC CITY,ATLANTIC,B. K-8 / 0 - 400,2,FG,,1,ATLANTIC
1,4800,14325348,8878688,8375037,305919,197732,2239511,1973123,1445660,1207240,1479257,775509,30000,143639,22000,1110,SOMERS POINT CITY,ATLANTIC,D. K-8 / 751 +,2,CD,,1,ATLANTIC
1,5350,12224301,8135046,7818219,232541,84286,1562104,1407750,1259105,989116,1199416,247526,0,67619,14639,907,VENTNOR CITY,ATLANTIC,D. K-8 / 751 +,2,B,,1,ATLANTIC
1,5760,2874322,1764871,1707139,40732,17000,383374,339033,341548,267573,373601,183851,0,9346,0,205,WEYMOUTH TWP,ATLANTIC,B. K-8 / 0 - 400,2,B,,1,ATLANTIC
3,40,13797651,7082211,6457655,379806,244750,2527643,2150608,1745610,1306985,2064040,731872,0,141465,104250,914,ALLENDALE BORO,BERGEN,D. K-8 / 751 +,2,I,,1,BERGEN
3,80,3777448,2119815,1845595,151150,123070,872349,728211,299580,289580,409996,178296,0,69411,64760,154,ALPINE BORO,BERGEN,B. K-8 / 0 - 400,2,I,,1,BERGEN
3,285,50887046,28960797,25545755,742925,2672117,11283574,10699189,4404479,3222664,5563567,1755393,80000,56968,15000,653,BERGEN CO SPECIAL SERVICE,BERGEN,I. CSSD,7,,,1,BERGEN
3,290,57059347,28202536,25977124,1319920,905492,10951990,8888813,5439607,3984181,9422650,5101729,0,2048814,0,2119,BERGEN COUNTY VOCATIONAL,BERGEN,J. VOC,8,,,1,BERGEN
3,300,50852281,30562554,28735493,1413276,413785,5988134,4977001,6259006,5488391,6775411,3121675,0,919229,263379,3593,BERGENFIELD BORO,BERGEN,G. K-12 / 3501 +,3,FG,,1,BERGEN
3,440,14501515,9035135,8456067,324093,254975,2040267,1665861,1721991,1262785,1248634,169484,0,434223,0,1137,BOGOTA BORO,BERGEN,E. K-12 / 0 - 1800,3,DE,,1,BERGEN
3,740,8580120,5417773,5146280,183693,87800,948418,686668,1110103,911703,1080354,437354,0,21912,0,575,CARLSTADT BORO,BERGEN,C. K-8 / 401 - 750,2,DE,,1,BERGEN
3,745,9722237,5276766,5013466,202950,60350,1433187,906837,1073123,732373,1456336,561232,5000,423235,0,552,CARLSTADT-EAST RUTHERFORD,BERGEN,H. 7-12 / 9-12,5,CD,,1,BERGEN
3,890,36896441,24314148,22983792,679059,651297,4683253,3496136,4025744,3113021,2837882,1566744,0,752923,0,2859,CLIFFSIDE PARK BORO,BERGEN,F. K-12 / 1801 - 3500,3,B,,1,BERGEN
3,930,15772579,10141561,9713788,278723,149050,2160209,1763944,1797595,1591149,1587185,875260,0,84430,0,1099,CLOSTER BORO,BERGEN,D. K-8 / 751 +,2,I,,1,BERGEN
3,990,23006933,13955832,13336994,370238,248600,3254276,2718439,2769321,2439967,2395935,1220011,0,631569,24800,1715,CRESSKILL BORO,BERGEN,E. K-12 / 0 - 1800,3,I,,1,BERGEN
3,1070,11248274,6835494,6356941,282076,196477,1825567,1537623,1136612,955512,1220857,515756,33400,124466,0,650,DEMAREST BORO,BERGEN,C. K-8 / 401 - 750,2,I,,1,BERGEN
3,1130,35967031,22143679,21301627,667725,174327,3935306,3556576,4422202,3898852,4506507,2686757,0,900257,10090,2696,DUMONT BORO,BERGEN,F. K-12 / 1801 - 3500,3,FG,,1,BERGEN
3,1230,12512003,7723656,7496299,166223,61134,1996669,1574777,1414804,1234664,1298222,607855,0,44311,0,788,EAST RUTHERFORD BORO,BERGEN,D. K-8 / 751 +,2,CD,,1,BERGEN
3,1270,7869110,4599166,4402872,168474,27820,1178717,721439,1008386,783846,1060269,420970,0,0,0,827,EDGEWATER BORO,BERGEN,A. K-6,1,DE,,1,BERGEN
3,1345,23984049,12977118,12118945,498081,360092,4334908,3484988,3092189,2569336,2955617,1772244,0,607918,0,2545,ELMWOOD PARK,BERGEN,F. K-12 / 1801 - 3500,3,CD,,1,BERGEN
3,1360,15815040,8797686,8380884,266149,150653,2089245,1469338,2245454,2112323,1953621,1149404,0,696038,4000,1304,EMERSON BORO,BERGEN,E. K-12 / 0 - 1800,3,GH,,1,BERGEN
3,1370,49534134,27949034,26492462,986672,469900,8415034,6607228,5220614,4520985,6831052,1251052,0,967342,0,2870,ENGLEWOOD CITY,BERGEN,F. K-12 / 1801 - 3500,3,DE,,1,BERGEN
3,1380,8658866,4589091,4227261,218350,143480,2273535,1671100,970897,605715,792926,378581,0,13637,0,511,ENGLEWOOD CLIFFS BORO,BERGEN,C. K-8 / 401 - 750,2,I,,1,BERGEN
3,1450,72694206,42997773,41682836,858532,456405,11781821,10483283,8372560,7016080,7373326,3781058,0,1561164,96000,4650,FAIR LAWN BORO,BERGEN,G. K-12 / 3501 +,3,GH,,1,BERGEN
3,1470,11150840,6159241,5900307,197900,61034,1167350,1079240,1958768,1570991,1605442,762142,10000,52161,0,1240,FAIRVIEW BORO,BERGEN,D. K-8 / 751 +,2,A,,1,BERGEN
3,1550,50496509,30936233,28986885,1487472,461876,8304600,7332105,5252468,4350673,4814424,1871035,0,1081980,150000,3776,FORT LEE BORO,BERGEN,G. K-12 / 3501 +,3,FG,,1,BERGEN
3,1580,25073375,16161532,15184932,861740,114860,3896049,3603355,2437786,2127390,2447738,234459,0,126523,108626,1387,FRANKLIN LAKES BORO,BERGEN,D. K-8 / 751 +,2,I,,1,BERGEN
3,1700,71503018,43661626,41911342,1593991,156293,12437575,10279512,6497734,5144397,7674310,3786346,0,949344,340000,4919,GARFIELD CITY,BERGEN,G. K-12 / 3501 +,3,B,1,1,BERGEN
3,1760,38162844,20830282,19120701,958878,750703,7449415,4851247,4676258,3963837,4312972,1443722,0,886144,0,2410,GLEN ROCK BORO,BERGEN,F. K-12 / 1801 - 3500,3,J,,1,BERGEN
3,1860,81643536,51907009,49638227,1795913,472869,12954420,11491354,7581838,6293436,7771630,4127768,0,1421950,309220,5518,HACKENSACK CITY,BERGEN,G. K-12 / 3501 +,3,CD,,1,BERGEN
3,2050,9585682,6168840,5944847,112700,111293,1368229,1093184,942408,744876,995287,432673,0,110918,49940,695,HARRINGTON PARK BORO,BERGEN,C. K-8 / 401 - 750,2,I,,1,BERGEN
3,2080,21861061,13059032,12663644,301969,93419,3507755,2951805,2349773,1870298,2269527,1180491,0,659550,0,1772,HASBROUCK HEIGHTS BORO,BERGEN,F. K-12 / 1801 - 3500,3,FG,,1,BERGEN
3,2090,7527247,4730679,4596531,113337,20811,1179144,984426,738671,478898,832043,212064,0,46710,0,422,HAWORTH BORO,BERGEN,C. K-8 / 401 - 750,2,I,,1,BERGEN
3,2180,18640289,11149195,10457778,371709,319708,3287318,2438113,1987215,1591992,2062871,630276,0,136449,0,1398,HILLSDALE BORO,BERGEN,D. K-8 / 751 +,2,GH,,1,BERGEN
3,2200,8692551,5267622,5019346,151010,97266,1392071,1215649,1070955,793690,894801,410731,0,65811,35000,640,HO HO KUS BORO,BERGEN,C. K-8 / 401 - 750,2,J,,1,BERGEN
3,2620,26389813,15287060,14366561,902199,18300,3620704,3259019,3489791,2809146,3127898,1233322,0,718105,131000,1824,LEONIA BORO,BERGEN,F. K-12 / 1801 - 3500,3,GH,,1,BERGEN
3,2710,10206237,6650890,6356923,235773,58194,1142380,905030,1106335,815401,1122131,605572,0,58647,0,1004,LITTLE FERRY BORO,BERGEN,D. K-8 / 751 +,2,CD,,1,BERGEN
3,2740,38711124,22460376,21635457,502690,322229,5868102,4707706,4779933,4170847,4724995,2031474,0,638495,119000,3346,LODI BOROUGH,BERGEN,F. K-12 / 1801 - 3500,3,B,,1,BERGEN
3,2860,30797057,17688712,16811798,841664,35250,4679827,4308719,3843406,3139053,3216675,1530276,285000,845096,0,2371,LYNDHURST TWP,BERGEN,F. K-12 / 1801 - 3500,3,DE,,1,BERGEN
3,2900,49705020,27762420,26946310,654627,161483,8126201,6450371,6205503,4758974,6125350,813511,0,1366905,0,3252,MAHWAH TWP,BERGEN,F. K-12 / 1801 - 3500,3,I,,1,BERGEN
3,3060,10653789,6871829,6484087,202742,185000,1426343,1092742,1189170,858730,1077605,530121,0,83200,0,1232,MAYWOOD BORO,BERGEN,D. K-8 / 751 +,2,FG,,1,BERGEN
3,3170,16328989,9121870,8662587,390551,68732,2712825,2219875,2144774,1799748,1686148,853728,0,626247,0,1105,MIDLAND PARK BORO,BERGEN,E. K-12 / 0 - 1800,3,GH,,1,BERGEN
3,3330,13696075,8476827,8027455,357680,91692,2027852,1670992,1768643,1603728,1315073,782376,0,106118,0,1082,MONTVALE BORO,BERGEN,D. K-8 / 751 +,2,I,,1,BERGEN
3,3350,5662313,3262627,3169549,77318,15760,1155773,545956,553487,420829,585887,325637,28160,30505,0,293,MOONACHIE BORO,BERGEN,B. K-8 / 0 - 400,2,B,,1,BERGEN
3,3550,26633436,13687241,12975584,569187,142470,4488395,3640075,3673036,3058311,3915826,2040326,0,782948,116500,2029,NEW MILFORD BORO,BERGEN,F. K-12 / 1801 - 3500,3,FG,,1,BERGEN
3,3600,20537062,12179555,11735560,276727,167268,2287320,1798207,2714444,2248513,2505078,1163684,0,524741,0,1696,NORTH ARLINGTON BORO,BERGEN,E. K-12 / 0 - 1800,3,DE,,1,BERGEN
3,3700,21933041,12583516,11819718,633363,130435,3123829,2619445,2022514,1640744,2814404,1384515,0,1352695,64500,1348,NORTHERN HIGHLANDS REG,BERGEN,H. 7-12 / 9-12,5,J,,1,BERGEN
3,3710,43804372,25066333,23398259,1102705,565369,6753163,5793554,5025541,4069950,4664818,2708218,0,2243388,99671,2658,NORTHERN VALLEY REGIONAL,BERGEN,H. 7-12 / 9-12,5,I,,1,BERGEN
3,3730,8203705,4735693,4446707,203603,85383,1511192,1240521,1001680,718576,849259,306879,10000,88174,60968,566,NORTHVALE BORO,BERGEN,C. K-8 / 401 - 750,2,FG,,1,BERGEN
3,3740,8376897,5139591,4785006,303535,51050,1483939,1151958,788526,462804,926354,531740,0,38486,16062,594,NORWOOD BORO,BERGEN,C. K-8 / 401 - 750,2,I,,1,BERGEN
3,3760,23893335,14560969,13906862,586367,67740,3606215,3049451,3220945,2851550,2344262,1439961,0,103789,23306,1692,OAKLAND BORO,BERGEN,D. K-8 / 751 +,2,I,,1,BERGEN
3,3850,12704501,8036827,7671605,213542,151680,1560627,1197217,1575523,1280618,1432519,382402,0,99006,0,820,OLD TAPPAN BORO,BERGEN,D. K-8 / 751 +,2,I,,1,BERGEN
3,3870,9954231,6085563,5648897,345366,91300,1484324,1236790,1265299,1027458,1076301,596626,0,12556,0,786,ORADELL BORO,BERGEN,A. K-6,1,I,,1,BERGEN
3,3910,19949809,13425428,12522139,661289,242000,1667797,1560036,2293426,1807367,1928548,977548,0,520107,0,1674,PALISADES PARK,BERGEN,E. K-12 / 0 - 1800,3,CD,,1,BERGEN
3,3930,65523103,35776017,34205034,1521716,49267,9493126,8342954,7494462,6600012,11078208,5629173,0,1207855,306500,4014,PARAMUS BORO,BERGEN,G. K-12 / 3501 +,3,GH,,1,BERGEN
3,3940,21869189,12209274,11542368,474436,192470,4427576,3498826,2432773,2006440,2040603,940374,0,747483,29333,1256,PARK RIDGE BORO,BERGEN,E. K-12 / 0 - 1800,3,I,,1,BERGEN
3,3960,38136527,20761499,18186664,434763,2140072,6708169,5815639,3969531,3001446,4460402,2271177,0,2223543,95500,2064,PASCACK VALLEY REGIONAL,BERGEN,H. 7-12 / 9-12,5,I,,1,BERGEN
3,4300,40452719,21428110,19777015,924927,726168,6136232,5747057,4440208,3598887,5449423,2437623,0,2927658,236000,2285,RAMAPO-INDIAN HILL REG,BERGEN,H. 7-12 / 9-12,5,I,,1,BERGEN
3,4310,46929723,28758895,27920551,665636,172708,7736012,6221656,4402841,3427624,4760029,994368,0,1212832,142000,3001,RAMSEY BORO,BERGEN,F. K-12 / 1801 - 3500,3,I,,1,BERGEN
3,4370,29981023,19079879,18142192,495242,442445,4346472,4281134,2554989,1749318,2987755,1266041,0,889557,0,1797,RIDGEFIELD BORO,BERGEN,E. K-12 / 0 - 1800,3,DE,,1,BERGEN
3,4380,29634033,18139048,17778612,343871,16565,4772974,4677236,2956600,2328905,2663562,1442662,0,1049005,0,2320,RIDGEFIELD PARK TWP,BERGEN,F. K-12 / 1801 - 3500,3,DE,,1,BERGEN
3,4390,82030599,48253235,46032726,1386916,833593,14558129,12770516,7679924,6523164,8507459,323008,0,1297207,2600,5709,RIDGEWOOD VILLAGE,BERGEN,G. K-12 / 3501 +,3,J,,1,BERGEN
3,4405,24983374,14726732,13753128,434949,538655,3160683,2648106,3279245,2856835,2643704,1374533,0,1165278,0,1692,RIVER DELL REGIONAL,BERGEN,H. 7-12 / 9-12,4,I,,1,BERGEN
3,4410,14459978,9385745,8934004,192841,258900,2107268,1853833,1718431,1487381,1237552,743802,0,0,30000,1158,RIVER EDGE BORO,BERGEN,A. K-6,1,I,,1,BERGEN
3,4430,18367911,10788796,10214227,346182,228387,2743059,2186047,2577744,2038257,2129763,1123001,0,128549,49000,1326,RIVER VALE TWP,BERGEN,D. K-8 / 751 +,2,I,,1,BERGEN
3,4470,6545328,4288357,4159603,61054,67700,850870,693739,714111,561911,637054,316204,20000,32735,0,453,ROCHELLE PARK TWP,BERGEN,C. K-8 / 401 - 750,2,FG,,1,BERGEN
3,4600,33288316,20412984,19074305,846992,491687,3978483,3705423,3799410,3009675,4196641,1808065,0,830569,7500,2488,RUTHERFORD BORO,BERGEN,F. K-12 / 1801 - 3500,3,GH,,1,BERGEN
3,4610,23950926,13320610,12677005,401426,242179,4235819,3436908,2623517,2041140,3149326,1530403,0,580109,137433,1713,SADDLE BROOK TWP,BERGEN,E. K-12 / 0 - 1800,3,DE,,1,BERGEN
3,4620,4868003,2532472,2405022,69750,57700,1404654,1070204,451002,354102,436424,205444,0,39395,0,233,SADDLE RIVER BORO,BERGEN,A. K-6,1,J,,1,BERGEN
3,4870,4400998,2350615,2150985,67350,132280,796429,473904,441030,357284,731765,444765,0,67609,0,243,SOUTH HACKENSACK TWP,BERGEN,B. K-8 / 0 - 400,2,CD,,1,BERGEN
3,5150,70463769,43592874,41806277,1484543,302054,11523656,8707764,6357108,5068708,7770953,4500965,0,1207892,132500,3826,TEANECK TWP,BERGEN,G. K-12 / 3501 +,3,GH,,1,BERGEN
3,5160,51431451,31415589,29789688,1188230,437671,6570546,5968148,6212596,5793824,6022430,3465478,0,1175315,646000,3687,TENAFLY BORO,BERGEN,G. K-12 / 3501 +,3,I,,1,BERGEN
3,5330,19089246,11156083,10168862,789879,197342,3220711,2728162,2268418,1825171,2300412,1259418,0,143622,83000,1352,UPPER SADDLE RIVER BORO,BERGEN,D. K-8 / 751 +,2,J,,1,BERGEN
3,5410,23625973,14443380,13827626,452240,163514,3233909,2855403,2712451,2147700,2447816,1395862,0,753565,20000,1596,WALDWICK BORO,BERGEN,E. K-12 / 0 - 1800,3,GH,,1,BERGEN
3,5430,13501092,7343535,7144960,160775,37800,2060133,1945683,1781943,1562968,1789941,780036,0,525540,12000,1218,WALLINGTON BORO,BERGEN,E. K-12 / 0 - 1800,3,B,,1,BERGEN
3,5755,42871676,22411162,21178319,677363,555480,9406476,6951145,5123527,4187101,4523420,2374953,0,1376013,169995,2705,WESTWOOD REGIONAL,BERGEN,F. K-12 / 1801 - 3500,3,GH,,1,BERGEN
3,5830,13743297,7310702,6755537,341075,214090,2075045,1472969,1997848,1581218,1788312,915311,0,563752,0,1189,WOOD-RIDGE BORO,BERGEN,E. K-12 / 0 - 1800,3,FG,,1,BERGEN
3,5880,12174713,6721928,6317627,194012,210289,2383905,2015658,1553059,1208057,1393406,451193,0,119430,0,809,WOODCLIFF LAKE BORO,BERGEN,D. K-8 / 751 +,2,J,,1,BERGEN
3,5920,32368246,19010871,17933045,949235,128591,5472712,4589319,4034761,3289178,3697642,594633,0,143826,315000,2267,WYCKOFF TWP,BERGEN,D. K-8 / 751 +,2,I,,1,BERGEN
5,200,2091707,1226228,1119228,44500,62500,357828,240128,242505,153705,250846,103046,0,14301,0,135,BASS RIVER TWP,BURLINGTON,A. K-6,1,CD,,1,BURLINGTON
5,380,4124914,2407508,2206009,111578,89921,865630,631914,450054,336254,390104,104764,0,5587,6000,320,BEVERLY CITY,BURLINGTON,B. K-8 / 0 - 400,2,B,,1,BURLINGTON
5,475,30700603,17306602,16248790,650664,407148,4668750,4007257,3092388,2563058,4491116,2591447,0,886733,295680,2514,BORDENTOWN REGIONAL,BURLINGTON,F. K-12 / 1801 - 3500,3,FG,,1,BURLINGTON
5,600,30364621,17266661,16278609,565770,422282,5522433,5033937,3230342,2607645,3540703,1542323,0,735439,30000,1807,BURLINGTON CITY,BURLINGTON,E. K-12 / 0 - 1800,3,B,1,1,BURLINGTON
5,605,40906426,24950354,24180981,495964,273409,7508579,7246953,3679607,2869723,4118754,1964702,337592,208612,0,700,BURLINGTON CO SPEC SERV,BURLINGTON,I. CSSD,7,,,1,BURLINGTON
5,610,32701450,17080323,16419343,607285,53695,3456806,3298297,4212014,2922293,6340071,2739814,0,1604251,84880,2000,BURLINGTON CO VOCATIONAL,BURLINGTON,J. VOC,8,,,1,BURLINGTON
5,620,50869931,34452317,31517844,1030072,1904401,5770470,4851947,4757908,3844636,5137792,591110,0,751444,206409,4086,BURLINGTON TWP,BURLINGTON,G. K-12 / 3501 +,3,FG,,1,BURLINGTON
5,830,7103499,3948751,3823900,116651,8200,1145875,1018946,895605,693217,1081449,627711,0,7941,0,617,CHESTERFIELD TWP,BURLINGTON,A. K-6,1,GH,,1,BURLINGTON
5,840,34249537,19495446,18572646,621321,301479,5237119,3790569,3673569,3116997,3943598,1771598,0,1525167,76750,2368,CINNAMINSON TWP,BURLINGTON,F. K-12 / 1801 - 3500,3,FG,,1,BURLINGTON
5,1030,5535400,3151749,2951155,133399,67195,926769,658619,577895,414684,838592,401988,1000,37030,30000,397,DELANCO TWP,BURLINGTON,B. K-8 / 0 - 400,2,CD,,1,BURLINGTON
5,1060,34498129,19948485,18437776,919915,590794,5263455,4602970,3549949,2614961,4764232,1010860,0,954787,68300,2918,DELRAN TWP,BURLINGTON,F. K-12 / 1801 - 3500,3,FG,,1,BURLINGTON
5,1250,8264478,5406369,5346131,51238,9000,1038031,902831,994047,899553,782392,446832,0,43639,0,637,EASTAMPTON TWP,BURLINGTON,C. K-8 / 401 - 750,2,FG,,1,BURLINGTON
5,1280,10993794,6671437,6462083,114281,95073,1664188,1382486,1375837,1030636,1156441,648751,0,97329,109000,900,EDGEWATER PARK TWP,BURLINGTON,D. K-8 / 751 +,2,DE,,1,BURLINGTON
5,1420,61037651,38669667,37630423,626685,412559,8609548,7089151,5837854,5067971,7039686,4157985,0,356264,142950,4732,EVESHAM TWP,BURLINGTON,D. K-8 / 751 +,2,I,,1,BURLINGTON
5,1520,20264478,11694049,11191807,338329,163913,2704561,2353999,2236756,1914418,3120664,1810383,0,508448,26037,1637,FLORENCE TWP,BURLINGTON,E. K-12 / 0 - 1800,3,DE,,1,BURLINGTON
5,1910,8221278,5170843,4863163,268900,38780,1195588,948763,907184,729184,842291,446683,0,100071,0,718,HAINESPORT TWP,BURLINGTON,C. K-8 / 401 - 750,2,FG,,1,BURLINGTON
5,2610,117210947,69200404,63644999,2810645,2744760,16540812,15135275,10174074,7839542,14055091,7699884,0,6739779,0,7232,LENAPE REGIONAL,BURLINGTON,H. 7-12 / 9-12,5,GH,,1,BURLINGTON
5,2850,19713308,11696439,11325697,321087,49655,2874222,2648678,2571497,2094887,2415582,1122379,0,155567,102100,1615,LUMBERTON TWP,BURLINGTON,D. K-8 / 751 +,2,FG,,1,BURLINGTON
5,2960,8890799,5263401,4897881,322128,43392,1736088,1219412,984408,768434,902510,542830,0,0,45000,738,MANSFIELD TWP,BURLINGTON,A. K-6,1,DE,,1,BURLINGTON
5,3010,28671828,17415569,16694155,575212,146202,4474618,3188586,2878963,2372150,3086385,1519422,0,671117,52386,2179,MAPLE SHADE TWP,BURLINGTON,F. K-12 / 1801 - 3500,3,CD,,1,BURLINGTON
5,3070,6577662,4255500,3927418,154023,174059,907104,736784,747808,579560,629826,314462,0,37425,0,550,MEDFORD LAKES BORO,BURLINGTON,C. K-8 / 401 - 750,2,I,,1,BURLINGTON
5,3080,38096539,22613631,19813658,563624,2236349,5501025,4951865,4538456,3675093,4818611,2241460,0,81323,145625,3007,MEDFORD TWP,BURLINGTON,D. K-8 / 751 +,2,I,,1,BURLINGTON
5,3360,54766814,32875517,30715077,860202,1300238,9459939,8163929,4903282,3911436,5663432,2700533,0,1657497,0,3986,MOORESTOWN TWP,BURLINGTON,G. K-12 / 3501 +,3,I,,1,BURLINGTON
5,3430,15942522,9664859,9020144,181895,462820,2022118,1910460,1818035,1486079,2192546,1366201,0,244964,6950,1028,MOUNT HOLLY TWP,BURLINGTON,D. K-8 / 751 +,2,B,,1,BURLINGTON
5,3440,55266013,36058319,35145619,675050,237650,6617070,6165564,5575412,4304572,6234946,3170835,0,239930,207000,4219,MOUNT LAUREL TWP,BURLINGTON,D. K-8 / 751 +,2,I,,1,BURLINGTON
5,3540,3286436,1935307,1783260,132163,19884,651256,442663,274389,150199,387891,177949,0,27446,48000,176,NEW HANOVER TWP,BURLINGTON,B. K-8 / 0 - 400,2,B,,1,BURLINGTON
5,3650,20773558,12617824,11918767,481971,217086,3125648,2625558,2179057,1843549,2702847,1122068,0,95185,449650,1292,NORTH HANOVER TWP,BURLINGTON,A. K-6,1,CD,,1,BURLINGTON
5,3690,26590462,14542337,13596612,492331,453394,4468503,3688564,2637205,2237766,3792335,1848813,0,1088552,210200,2023,NORTHERN BURLINGTON REG,BURLINGTON,H. 7-12 / 9-12,4,DE,,1,BURLINGTON
5,3920,12715777,7139715,6836331,212000,91384,2059657,1844487,1333450,1051282,1592265,791329,0,569432,10500,980,PALMYRA BORO,BURLINGTON,E. K-12 / 0 - 1800,3,DE,,1,BURLINGTON
5,4050,95406488,56685942,54489568,1557218,639156,17910575,14700402,8146153,6801681,10559584,6008174,0,1092839,682849,5012,PEMBERTON TWP,BURLINGTON,G. K-12 / 3501 +,3,B,1,1,BURLINGTON
5,4320,26285520,14453907,12791864,1326228,335815,3342565,2889834,3238582,2503119,3992922,1710922,0,1232514,323500,2104,RANCOCAS VALLEY REGIONAL,BURLINGTON,H. 7-12 / 9-12,5,DE,,1,BURLINGTON
5,4450,18735865,11309647,10611625,474722,223300,2416093,1896351,2154081,1787819,2152474,1172294,0,659130,32636,1395,RIVERSIDE TWP,BURLINGTON,E. K-12 / 0 - 1800,3,B,,1,BURLINGTON
5,4460,3529848,2110132,2034172,57333,18627,533817,455548,406090,320099,411849,162509,0,67960,13000,277,RIVERTON,BURLINGTON,B. K-8 / 0 - 400,2,GH,,1,BURLINGTON
5,4740,12137259,7759833,7354946,165922,238965,1536615,1361470,1383395,1160627,1341650,849534,0,115766,0,916,SHAMONG TWP,BURLINGTON,D. K-8 / 751 +,2,GH,,1,BURLINGTON
5,4930,11123131,6971611,6336329,395802,239480,1672123,1337182,1255826,1048376,1116187,585737,0,107384,67000,774,SOUTHAMPTON TWP,BURLINGTON,D. K-8 / 751 +,2,DE,,1,BURLINGTON
5,5010,4317000,2621043,2471071,109584,40388,606945,399771,499733,378968,571025,283175,0,0,0,296,SPRINGFIELD TWP,BURLINGTON,A. K-6,1,FG,,1,BURLINGTON
5,5130,12450040,7514263,6792948,586439,134876,1826417,1582879,1288387,1043756,1580148,818688,0,117292,0,810,TABERNACLE TWP,BURLINGTON,D. K-8 / 751 +,2,GH,,1,BURLINGTON
5,5490,1096108,622494,521694,25300,75500,190826,104408,78541,2566,189394,42849,8000,0,0,46,WASHINGTON TWP,BURLINGTON,B. K-8 / 0 - 400,2,A,,1,BURLINGTON
5,5720,11435778,7322526,7044156,247553,30817,1284260,1142421,1189009,981655,1570052,860980,0,65836,0,1004,WESTAMPTON,BURLINGTON,D. K-8 / 751 +,2,GH,,1,BURLINGTON
5,5805,53131442,30853963,28971298,1031055,851610,7903344,7449674,6189820,4839406,7282586,3975681,0,812437,135500,4335,WILLINGBORO TWP,BURLINGTON,G. K-12 / 3501 +,3,DE,,1,BURLINGTON
5,5890,2160318,1330885,1233885,60000,37000,192216,134491,281098,199098,325671,177029,17000,6295,0,157,WOODLAND TWP,BURLINGTON,B. K-8 / 0 - 400,2,DE,,1,BURLINGTON
7,150,19305098,11013407,10521079,401028,91300,2856327,2634474,2368095,2071495,2081629,1213629,30000,890368,38000,1457,AUDUBON BORO,CAMDEN,E. K-12 / 0 - 1800,3,DE,,1,CAMDEN
7,190,7719785,4840769,4560933,227932,51904,1251072,1033484,783289,599003,816421,367421,0,28234,0,629,BARRINGTON BORO,CAMDEN,C. K-8 / 401 - 750,2,FG,,1,CAMDEN
7,260,12036545,7836853,7511576,179177,146100,1880162,1294162,1174632,989951,958829,471829,0,119314,147251,1135,BELLMAWR BORO,CAMDEN,D. K-8 / 751 +,2,B,,1,CAMDEN
7,330,9233409,6323390,5866002,329788,127600,1000960,865832,1117286,956551,696972,367808,0,94800,70246,882,BERLIN BORO,CAMDEN,D. K-8 / 751 +,2,DE,,1,CAMDEN
7,340,9876412,6154856,5714377,176275,264204,1713679,1392685,923020,601494,938317,407667,0,22766,0,672,BERLIN TWP,CAMDEN,C. K-8 / 401 - 750,2,CD,,1,CAMDEN
7,390,54048233,29197571,26913560,1040721,1243290,8637281,7656016,5739267,4751957,7912571,4210401,50000,2424446,526063,4109,BLACK HORSE PIKE REGIONAL,CAMDEN,H. 7-12 / 9-12,5,DE,,1,CAMDEN
7,580,3883524,2445652,2296949,112203,36500,542323,302823,410874,299874,367243,123743,46000,71432,30000,354,BROOKLAWN BORO,CAMDEN,B. K-8 / 0 - 400,2,B,,1,CAMDEN
7,680,249822035,140802951,129301134,5225834,6275983,50368644,44434964,21397061,17391633,35419349,18865778,0,1309523,970109,12015,CAMDEN CITY,CAMDEN,G. K-12 / 3501 +,3,A,1,1,CAMDEN
7,700,40974032,20250983,18626961,1325870,298152,3801148,3519660,6701467,5342190,8829759,3331259,0,1221388,50000,2155,CAMDEN COUNTY VOCATIONAL,CAMDEN,J. VOC,8,,,1,CAMDEN
7,800,149105344,92971914,86929477,2500458,3541979,23520999,20192882,15353918,13073724,14163319,7603605,0,3042268,718909,11269,CHERRY HILL TWP,CAMDEN,G. K-12 / 3501 +,3,GH,,1,CAMDEN
7,880,6748129,4290574,3999274,130202,161098,977617,668374,814243,663335,552450,271890,0,53245,7000,466,CLEMENTON BORO,CAMDEN,C. K-8 / 401 - 750,2,B,,1,CAMDEN
7,940,29028940,17028569,15746688,841373,440508,4198778,3831561,3054379,2583525,3756785,2209331,8000,978731,36300,1903,COLLINGSWOOD BORO,CAMDEN,F. K-12 / 1801 - 3500,3,FG,,1,CAMDEN
7,1255,29381613,15874586,14701681,972492,200413,4412546,3612398,3227679,2546901,4284128,1643416,50000,1393593,799200,2069,EASTERN CAMDEN COUNTY REG,CAMDEN,H. 7-12 / 9-12,5,GH,,1,CAMDEN
7,1720,3879924,2409830,2259461,84704,65665,624635,506886,355936,191790,368196,142196,9735,111592,0,258,GIBBSBORO BORO,CAMDEN,B. K-8 / 0 - 400,2,FG,,1,CAMDEN
7,1770,38799590,22248478,21217006,772405,259067,7063127,6231099,3518448,2697920,5056678,2336013,0,852243,62850,2051,GLOUCESTER CITY,CAMDEN,F. K-12 / 1801 - 3500,3,B,1,1,CAMDEN
7,1780,80758128,53690213,51826423,1734090,129700,10648266,9911986,7915615,6340715,7456757,1025921,0,810549,10000,7145,GLOUCESTER TWP,CAMDEN,D. K-8 / 751 +,2,DE,,1,CAMDEN
7,1880,18184455,10596193,10326987,175965,93241,2279131,2113828,1886853,1512438,2148768,1207188,0,789800,111592,1366,HADDON HEIGHTS BORO,CAMDEN,E. K-12 / 0 - 1800,3,GH,,1,CAMDEN
7,1890,26723529,15253958,14379744,713674,160540,3802102,3046051,3389406,2768859,3424799,2066548,0,710738,63600,2124,HADDON TWP,CAMDEN,F. K-12 / 1801 - 3500,3,FG,,1,CAMDEN
7,1900,30896415,18944988,18415638,498600,30750,3848208,3289737,3086754,2584654,3747301,964721,0,1194570,190000,2518,HADDONFIELD BORO,CAMDEN,F. K-12 / 1801 - 3500,3,J,,1,CAMDEN
7,2540,2458246,1572052,1410529,106900,54623,339326,194377,279867,222042,260025,10740,0,3176,0,179,LAUREL SPRINGS BORO,CAMDEN,A. K-6,1,DE,,1,CAMDEN
7,2560,4151984,2472128,2323728,92800,55600,718346,631946,440748,303918,516278,245728,0,4484,82628,265,LAWNSIDE BORO,CAMDEN,B. K-8 / 0 - 400,2,B,,1,CAMDEN
7,2670,32024834,18132923,16922917,733766,476240,4653918,4171530,4274335,3033255,4098542,1898810,0,865116,35000,2381,LINDENWOLD BORO,CAMDEN,F. K-12 / 1801 - 3500,3,B,,1,CAMDEN
7,2890,6191422,3932076,3767432,121894,42750,837082,687252,722882,415732,634783,261033,0,64599,63364,449,MAGNOLIA BORO,CAMDEN,C. K-8 / 401 - 750,2,CD,,1,CAMDEN
7,3110,4654377,3099123,2872326,158555,68242,526473,418714,547392,350858,437954,32696,0,43081,0,359,MERCHANTVILLE BORO,CAMDEN,B. K-8 / 0 - 400,2,DE,,1,CAMDEN
7,3420,6000646,3357167,3138776,130150,88241,1115077,879467,749054,602822,765135,386918,0,14214,0,486,MOUNT EPHRAIM BORO,CAMDEN,C. K-8 / 401 - 750,2,CD,,1,CAMDEN
7,3770,5462163,3433940,3207977,169091,56872,834010,661238,671059,478940,491802,10900,0,29977,4400,469,OAKLYN BORO,CAMDEN,E. K-12 / 0 - 1800,3,CD,,1,CAMDEN
7,4060,77530060,48137454,46599704,1368200,169550,9539642,8498642,7702562,5900462,10428322,6508865,0,1125806,649515,5345,PENNSAUKEN TWP,CAMDEN,G. K-12 / 3501 +,3,CD,,1,CAMDEN
7,4110,29250152,17547429,16905994,403270,238165,4256004,3569573,2711326,2300466,3782244,2085284,0,807714,58200,1913,PINE HILL BORO,CAMDEN,F. K-12 / 1801 - 3500,3,B,,1,CAMDEN
7,4590,10507489,6528802,6272424,201206,55172,1642630,1468131,1290675,1039562,939188,533528,40000,66194,90500,843,RUNNEMEDE BORO,CAMDEN,D. K-8 / 751 +,2,B,,1,CAMDEN
7,4790,6062500,4002582,3820926,147048,34608,732339,681889,718387,522487,576259,20372,0,26967,0,541,SOMERDALE BORO,CAMDEN,C. K-8 / 401 - 750,2,CD,,1,CAMDEN
7,5035,13809199,7652447,7064821,299235,288391,1944964,1719575,1401743,810750,1858137,735059,0,951908,305430,975,STERLING HIGH SCHOOL DIST,CAMDEN,H. 7-12 / 9-12,5,DE,,1,CAMDEN
7,5080,10340459,6264338,6036838,184000,43500,1357449,1210524,1337377,1169967,1164286,684536,0,114043,0,869,STRATFORD BORO,CAMDEN,D. K-8 / 751 +,2,DE,,1,CAMDEN
7,5400,43814406,28920979,27136127,885514,899338,5869853,5583895,3966908,2994445,4683466,1620733,0,355464,150572,3169,VOORHEES TWP,CAMDEN,D. K-8 / 751 +,2,I,,1,CAMDEN
7,5560,12551263,7104353,6878304,172259,53790,2514507,2164618,1352739,1035019,1465399,274204,0,0,15625,896,WATERFORD TWP,CAMDEN,A. K-6,1,DE,,1,CAMDEN
7,5820,70829693,44154921,39691391,1317147,3146383,10531157,8122463,8053480,5965115,5834740,0,0,1190217,0,4917,WINSLOW TWP,CAMDEN,G. K-12 / 3501 +,3,CD,,1,CAMDEN
7,5900,5257181,3244187,3101589,75904,66694,778522,519011,732330,350345,476269,25110,0,25874,0,449,WOODLYNNE BORO,CAMDEN,C. K-8 / 401 - 750,2,B,,1,CAMDEN
9,170,2915816,1758203,1558802,128400,71001,452280,235222,120836,64554,489512,146846,58451,31965,45000,67,AVALON BORO,CAPE MAY,B. K-8 / 0 - 400,2,FG,,1,CAPE MAY
9,710,3259896,2022538,1879212,110726,32600,438951,284326,278370,227620,445063,200748,35500,34424,108500,162,CAPE MAY CITY,CAPE MAY,A. K-6,1,CD,,1,CAPE MAY
9,715,12146709,6558094,6295334,99148,163612,2325535,2185742,1245714,1028679,2007994,654375,0,0,0,230,CAPE MAY CO SPECIAL SERV,CAPE MAY,I. CSSD,7,,,1,CAPE MAY
9,720,13531933,7425684,6875115,359360,191209,1377729,1330754,1941284,1627763,2221625,973427,0,359488,0,686,CAPE MAY CO VOCATIONAL,CAPE MAY,J. VOC,8,,,1,CAPE MAY
9,1080,9361442,5841369,5650751,186493,4125,1346649,1192504,1000552,772801,1004337,461287,0,12117,0,608,DENNIS TWP,CAPE MAY,C. K-8 / 401 - 750,2,CD,,1,CAPE MAY
9,2820,23758817,14114104,13515175,542929,56000,2856276,2576907,2352137,1929637,3130706,1546706,125000,931165,185000,1545,LOWER CAPE MAY REGIONAL,CAPE MAY,H. 7-12 / 9-12,4,B,,1,CAPE MAY
9,2840,24395700,14983412,14487972,364764,130676,4070741,3522920,2185691,1889149,2869024,1587194,0,0,0,1841,LOWER TWP,CAPE MAY,A. K-6,1,B,,1,CAPE MAY
9,3130,32774297,19059829,18455621,464037,140171,4835342,4235248,3521790,2252265,3916602,1664518,0,987633,0,2697,MIDDLE TWP,CAPE MAY,F. K-12 / 1801 - 3500,3,B,,1,CAPE MAY
9,3680,6358506,3668786,3369686,231500,67600,1267813,1007113,532799,397899,749353,418403,39000,97518,85000,306,NORTH WILDWOOD CITY,CAPE MAY,B. K-8 / 0 - 400,2,A,,1,CAPE MAY
9,3780,36299285,22944810,21622187,836149,486474,4510948,3940901,3223288,2648746,4469791,2325533,50000,1084307,338000,2055,OCEAN CITY,CAPE MAY,F. K-12 / 1801 - 3500,3,DE,,1,CAPE MAY
9,5060,2336341,1437154,1263677,90300,83177,437745,251060,140699,3599,300329,92744,0,11530,8000,78,STONE HARBOR BORO,CAPE MAY,B. K-8 / 0 - 400,2,FG,,1,CAPE MAY
9,5340,18932855,11357333,10579938,342470,434925,2640301,2119237,2253414,1706646,2558885,1062546,0,86728,26000,1366,UPPER TWP,CAPE MAY,D. K-8 / 751 +,2,FG,,1,CAPE MAY
9,5610,1021284,608991,573749,28556,6686,198681,82216,77832,18774,135380,51852,0,400,40000,76,WEST CAPE MAY BORO,CAPE MAY,A. K-6,1,DE,,1,CAPE MAY
9,5790,15030439,8809198,8212418,352780,244000,2321001,1864866,1434580,1296637,1865248,746938,15000,585412,41000,868,WILDWOOD CITY,CAPE MAY,E. K-12 / 0 - 1800,3,A,,1,CAPE MAY
9,5800,5309261,2970432,2746291,201803,22338,1048853,694903,291954,231054,885244,278764,11000,99977,45200,265,WILDWOOD CREST BORO,CAPE MAY,B. K-8 / 0 - 400,2,B,,1,CAPE MAY
9,5840,3089938,2114126,2065591,2500,46035,380860,264239,364769,282625,194177,4042,30078,4052,0,226,WOODBINE BORO,CAPE MAY,B. K-8 / 0 - 400,2,A,,1,CAPE MAY
11,540,83925220,49340038,44611096,3686439,1042503,16911338,14466060,8072084,6278723,7932618,4656681,0,1102515,2037740,5361,BRIDGETON CITY,CUMBERLAND,G. K-12 / 3501 +,3,A,1,1,CUMBERLAND
11,950,7462948,4982974,4878898,51563,52513,726232,618459,949456,555930,759694,84950,0,38597,0,664,COMMERCIAL TWP,CUMBERLAND,C. K-8 / 401 - 750,2,A,,1,CUMBERLAND
11,995,7901486,3821563,3239795,422678,159090,1128709,1011739,1670344,1366344,1215255,496306,500,56364,104500,537,CUMBERLAND CO VOCATIONAL,CUMBERLAND,J. VOC,8,,,1,CUMBERLAND
11,997,16399986,9019335,8458455,384020,176860,2212620,1988789,2173081,1918895,2238409,1124775,0,739860,99046,1328,CUMBERLAND REGIONAL,CUMBERLAND,H. 7-12 / 9-12,5,B,,1,CUMBERLAND
11,1020,4256597,2748764,2644248,77391,27125,527348,371061,515186,374042,444201,68821,3750,15132,0,353,DEERFIELD TWP,CUMBERLAND,B. K-8 / 0 - 400,2,B,,1,CUMBERLAND
11,1120,2722244,1554229,1488761,56200,9268,588589,391725,281268,141700,255094,79818,30000,5293,0,179,DOWNE TWP,CUMBERLAND,B. K-8 / 0 - 400,2,A,,1,CUMBERLAND
11,1460,7125349,4672379,4415700,192529,64150,984190,677140,813371,617321,609943,73943,0,43360,52000,597,FAIRFIELD TWP,CUMBERLAND,C. K-8 / 401 - 750,2,A,,1,CUMBERLAND
11,1820,1227762,625495,553562,24510,47423,212630,162355,95707,11026,264425,4775,22552,6952,0,79,GREENWICH TWP,CUMBERLAND,B. K-8 / 0 - 400,2,CD,,1,CUMBERLAND
11,2270,6164523,4051658,3814783,213365,23510,738413,635913,565616,417930,757919,161032,0,50917,5649,513,HOPEWELL TWP,CUMBERLAND,C. K-8 / 401 - 750,2,CD,,1,CUMBERLAND
11,2570,5741080,3785003,3582880,157123,45000,624023,527457,663893,436291,594730,201042,0,51286,0,467,LAWRENCE TWP,CUMBERLAND,C. K-8 / 401 - 750,2,A,,1,CUMBERLAND
11,3050,4482366,2811923,2615029,171294,25600,558661,376901,651357,523469,337103,215055,25000,12199,0,398,MAURICE RIVER TWP,CUMBERLAND,C. K-8 / 401 - 750,2,B,,1,CUMBERLAND
11,3230,87400228,49377068,47095745,1690472,590851,17087105,15334768,9093069,7389107,10548773,4558458,0,1235221,252500,5931,MILLVILLE CITY,CUMBERLAND,G. K-12 / 3501 +,3,A,1,1,CUMBERLAND
11,5070,1524172,935834,868134,36300,31400,162193,115593,216604,152828,201541,81365,0,8000,0,120,STOW CREEK TWP,CUMBERLAND,B. K-8 / 0 - 400,2,CD,,1,CUMBERLAND
11,5300,12042699,7383500,7078493,232900,72107,1491980,1260595,1566348,1182828,1600871,796804,0,0,0,868,UPPER DEERFIELD TWP,CUMBERLAND,D. K-8 / 751 +,2,B,,1,CUMBERLAND
11,5390,155035995,90496350,85195701,4395195,905454,28182919,23140110,14999069,10821353,18102031,9204614,0,1583740,1442169,9742,VINELAND CITY,CUMBERLAND,G. K-12 / 3501 +,3,A,1,1,CUMBERLAND
13,250,51863084,31681803,30581911,1050467,49425,7095344,6091339,6202565,5118767,5639500,3501720,250000,770387,0,4693,BELLEVILLE TOWN,ESSEX,G. K-12 / 3501 +,3,CD,,1,ESSEX
13,410,75660726,45991111,44270837,1606574,113700,9787924,7789085,10372465,7823322,7122363,3739365,550000,1133912,202736,6524,BLOOMFIELD TWP,ESSEX,G. K-12 / 3501 +,3,DE,,1,ESSEX
13,660,34700038,19213712,18418407,517677,277628,5235039,4289501,4249307,3394582,4595453,2571240,0,1260886,0,2578,CALDWELL-WEST CALDWELL,ESSEX,F. K-12 / 1801 - 3500,3,I,,1,ESSEX
13,760,22296600,12071712,11435582,559086,77044,2896406,2281356,3214293,2729746,3400989,1858244,0,698078,104468,1653,CEDAR GROVE TWP,ESSEX,E. K-12 / 0 - 1800,3,I,,1,ESSEX
13,1210,189102758,104159710,93442686,8252675,2464349,40266596,36138780,17136203,13328146,25031845,12267493,300000,1105199,894714,9818,EAST ORANGE,ESSEX,G. K-12 / 3501 +,3,A,1,1,ESSEX
13,1390,38277531,19785891,18995491,705600,84800,4415267,4145867,6078898,4141798,6937144,2018144,0,869913,100000,2275,ESSEX CO VOC-TECH,ESSEX,J. VOC,8,,,1,ESSEX
13,1400,4171461,2612919,2476265,86654,50000,629122,533568,455080,365930,465913,217363,0,3372,0,234,ESSEX FELLS BORO,ESSEX,A. K-6,1,J,,1,ESSEX
13,1465,9842924,6286680,5910465,264900,111315,1541418,1126911,1123484,892082,829710,465387,0,0,0,696,FAIRFIELD TWP,ESSEX,A. K-6,1,GH,,1,ESSEX
13,1750,26463840,15574788,14821554,731540,21694,3418049,2782284,3705563,2763296,2776801,1287409,0,961172,12000,1996,GLEN RIDGE BORO,ESSEX,F. K-12 / 1801 - 3500,3,I,,1,ESSEX
13,2330,112752383,62230757,56459263,1286803,4484691,23503921,19798986,10339415,8607345,15025387,10009434,0,951651,210000,7079,IRVINGTON TOWNSHIP,ESSEX,G. K-12 / 3501 +,3,A,1,1,ESSEX
13,2730,82103141,50752224,48443675,2163984,144565,12511676,11012565,9264128,7253957,7572784,4399807,20000,1747108,68440,5810,LIVINGSTON TWP,ESSEX,G. K-12 / 3501 +,3,I,,1,ESSEX
13,3190,71849308,43685317,41603436,1541471,540410,12119548,11341657,7189857,5982157,7098745,3857560,0,1521133,437450,4931,MILLBURN TWP,ESSEX,G. K-12 / 3501 +,3,J,,1,ESSEX
13,3310,99224786,59175735,56746618,2000861,428256,19772314,18503016,8624336,7799336,9671660,4852540,25000,1732619,0,6699,MONTCLAIR TOWN,ESSEX,G. K-12 / 3501 +,3,I,,1,ESSEX
13,3570,682332001,343804687,303655833,28964784,11184070,153290191,141244745,63922633,46814566,109063192,72521548,1000000,7454354,2993222,37351,NEWARK CITY,ESSEX,G. K-12 / 3501 +,3,A,1,1,ESSEX
13,3630,10853435,6797429,6392107,326537,78785,1452140,1149332,1292208,1069772,1305692,607086,0,1127,0,688,NORTH CALDWELL BORO,ESSEX,A. K-6,1,J,,1,ESSEX
13,3750,51626781,32108910,30732202,1246958,129750,6304583,5750438,6392095,5440066,5374351,3508908,0,1092754,74000,3926,NUTLEY TOWN,ESSEX,G. K-12 / 3501 +,3,FG,,1,ESSEX
13,3880,77253142,44910092,42035253,2284628,590211,13778187,11873775,9121435,6548490,7959617,1553317,227532,1150964,425000,4774,CITY OF ORANGE TWP,ESSEX,G. K-12 / 3501 +,3,A,1,1,ESSEX
13,4530,6724049,4181099,4069599,110500,1000,1134578,736109,735351,615486,654300,303500,0,10500,0,485,ROSELAND BORO,ESSEX,A. K-6,1,I,,1,ESSEX
13,4900,95059205,56899748,51331555,1490445,4077748,15033528,12686769,9906676,8251147,11637926,955069,0,1256684,0,6679,SOUTH ORANGE-MAPLEWOOD,ESSEX,G. K-12 / 3501 +,3,I,,1,ESSEX
13,5370,27276863,15999494,15293558,502522,203414,4284397,4039194,3169703,2752547,2938282,1711677,0,857068,37054,2257,VERONA BORO,ESSEX,F. K-12 / 1801 - 3500,3,I,,1,ESSEX
13,5630,28049654,15934089,14926474,724670,282945,3805772,3127218,3175778,2704326,3584888,1852211,0,1538491,97000,1655,WEST ESSEX REGIONAL,ESSEX,H. 7-12 / 9-12,4,I,,1,ESSEX
13,5680,110255013,71832251,68187151,2414900,1230200,13988935,13005879,10825381,9702377,11276984,6145984,0,1881027,304145,6920,WEST ORANGE TOWN,ESSEX,G. K-12 / 3501 +,3,GH,,1,ESSEX
15,860,16411160,9608691,9294002,253189,61500,2314818,1766484,2189654,1837537,1685073,886900,0,533311,33847,1437,CLAYTON BORO,GLOUCESTER,E. K-12 / 0 - 1800,3,CD,,1,GLOUCESTER
15,870,27656784,16106640,15416826,568426,121388,3366797,3040667,3177429,2551383,3614224,1431124,0,1190757,203990,2514,CLEARVIEW REGIONAL,GLOUCESTER,H. 7-12 / 9-12,4,FG,,1,GLOUCESTER
15,1100,54961536,33954752,32261802,864854,828096,6861583,6339049,5710801,4813256,6994104,3829341,0,869546,20000,4408,DEPTFORD TWP,GLOUCESTER,G. K-12 / 3501 +,3,CD,,1,GLOUCESTER
15,1180,12126946,7511872,6991629,419085,101158,1971811,1560971,1221429,997249,1403335,607019,0,0,0,1196,EAST GREENWICH TWP,GLOUCESTER,A. K-6,1,FG,,1,GLOUCESTER
15,1330,4676186,2940265,2820065,72250,47950,651940,567890,535322,343519,514888,279138,27000,5304,47670,392,ELK TWP,GLOUCESTER,A. K-6,1,,,1,GLOUCESTER
15,1590,16746463,10042986,9225753,686563,130670,2245243,1918893,1888701,1453368,2246189,1096330,0,20609,40650,1451,FRANKLIN TWP,GLOUCESTER,A. K-6,1,CD,,1,GLOUCESTER
15,1715,14596220,7890266,7453461,241806,194999,2649717,2009762,1253530,994345,1713806,566006,0,844449,369500,925,GATEWAY REGIONAL,GLOUCESTER,H. 7-12 / 9-12,4,CD,,1,GLOUCESTER
15,1730,30257704,17890550,17404403,332394,153753,4293234,3785866,3633313,2972472,3549308,2137518,0,466737,562671,2251,GLASSBORO,GLOUCESTER,F. K-12 / 1801 - 3500,3,B,,1,GLOUCESTER
15,1774,27933571,15788797,14093802,617750,1077245,5798567,3181247,2476651,2090575,3740805,1805420,0,124225,113700,703,GLOUCESTER CO SPEC SERV,GLOUCESTER,I. CSSD,7,,,1,GLOUCESTER
15,1775,18869773,9845292,8740526,875791,228975,2973248,2471745,1460179,933419,3878009,1696509,75060,621715,350715,1351,GLOUCESTER CO VOCATIONAL,GLOUCESTER,J. VOC,8,,,1,GLOUCESTER
15,1830,8582593,4895573,4567625,98224,229724,1470991,1255915,832057,639787,1358838,746571,0,14690,0,514,GREENWICH TWP,GLOUCESTER,C. K-8 / 401 - 750,2,DE,,1,GLOUCESTER
15,2070,15696322,10357842,9640607,510052,207183,1548825,1360056,1731435,1399113,1850831,855231,0,0,60000,1455,HARRISON TWP,GLOUCESTER,A. K-6,1,GH,,1,GLOUCESTER
15,2440,25012352,14880530,14163674,588931,127925,2889577,2533218,3075268,2495327,3153153,1730489,0,991316,77570,2396,KINGSWAY REGIONAL,GLOUCESTER,H. 7-12 / 9-12,4,FG,,1,GLOUCESTER
15,2750,12310232,7655557,6862578,322036,470943,1869752,1598774,1136493,871859,1573818,253504,0,62114,178000,849,LOGAN TWP,GLOUCESTER,D. K-8 / 751 +,2,FG,,1,GLOUCESTER
15,2990,17262651,11055159,10631490,416569,7100,2336972,2041537,1851544,1487884,1980666,1087916,0,38310,0,1384,MANTUA TWP,GLOUCESTER,A. K-6,1,FG,,1,GLOUCESTER
15,3280,71835880,41707348,38995296,1050438,1661614,11969655,9058828,7565937,5827662,9334166,573715,0,1168963,17090,5961,MONROE TWP,GLOUCESTER,G. K-12 / 3501 +,3,CD,,1,GLOUCESTER
15,3490,3841447,2358854,2231416,110763,16675,643638,321770,389134,205059,434629,189404,0,8752,0,261,NATIONAL PARK BORO,GLOUCESTER,A. K-6,1,B,,1,GLOUCESTER
15,4020,18943930,10574387,9958552,302454,313381,2872312,2297822,2221319,1692785,2438861,1138484,70000,767051,205292,1254,PAULSBORO BORO,GLOUCESTER,E. K-12 / 0 - 1800,3,A,,1,GLOUCESTER
15,4140,20548079,12509411,11889735,340134,279542,3177599,2823240,2328937,2023804,1929197,1109047,75000,527935,14000,1543,PITMAN BORO,GLOUCESTER,E. K-12 / 0 - 1800,3,FG,,1,GLOUCESTER
15,4880,3832407,2220662,2057031,79621,84010,602157,405172,466963,318299,524100,13072,15000,0,46500,366,SOUTH HARRISON TWP,GLOUCESTER,A. K-6,1,FG,,1,GLOUCESTER
15,4940,22852638,12736865,12124930,374885,237050,3560308,3143818,2089947,1652697,3111267,1472754,0,835685,611886,1855,DELSEA REGIONAL H.S DIST.,GLOUCESTER,H. 7-12 / 9-12,4,CD,,1,GLOUCESTER
15,5120,18107598,10918516,10434316,343425,140775,2320919,1386437,1997032,1518137,2176398,440894,0,13969,7500,1797,SWEDESBORO-WOOLWICH,GLOUCESTER,A. K-6,1,DE,,1,GLOUCESTER
15,5500,117286086,70098416,64134537,1069483,4894396,18310740,16572914,13016874,11170645,12194034,6307877,745250,2254954,0,8011,WASHINGTON TWP,GLOUCESTER,G. K-12 / 3501 +,3,FG,,1,GLOUCESTER
15,5590,2854528,1853030,1742953,49300,60777,437157,249749,308180,216374,244973,137573,0,11189,0,246,WENONAH BORO,GLOUCESTER,A. K-6,1,I,,1,GLOUCESTER
15,5620,36300027,20182544,18761154,1023730,397660,5808554,5179294,4117597,3222561,4931355,2517507,0,1140876,61600,3074,WEST DEPTFORD TWP,GLOUCESTER,F. K-12 / 1801 - 3500,3,DE,,1,GLOUCESTER
15,5740,4770813,3183852,3068540,95671,19641,678532,363979,478994,268573,400266,158266,0,29169,0,346,WESTVILLE BORO,GLOUCESTER,A. K-6,1,B,,1,GLOUCESTER
15,5860,21502732,12919074,12130442,492793,295839,3426762,3017039,2355111,1947853,2070584,1033784,0,667934,22000,1538,WOODBURY CITY,GLOUCESTER,E. K-12 / 0 - 1800,3,B,,1,GLOUCESTER
15,5870,3037508,1947389,1849211,53726,44452,439138,226783,392322,264364,247147,96550,0,11511,0,223,WOODBURY HEIGHTS BORO,GLOUCESTER,A. K-6,1,FG,,1,GLOUCESTER
17,220,109562381,67379579,65484268,1618999,276312,15254297,14275568,10701091,8757107,14320266,8787487,0,1343115,91790,9713,BAYONNE CITY,HUDSON,G. K-12 / 3501 +,3,CD,,1,HUDSON
17,1200,2615833,1439482,1329482,100000,10000,389882,329497,360412,189525,408006,70383,0,11000,0,242,EAST NEWARK BORO,HUDSON,B. K-8 / 0 - 400,2,A,,1,HUDSON
17,1850,9617466,5702181,5306434,367247,28500,1570359,1170859,1317413,1098539,900114,443114,0,52400,80340,1037,GUTTENBERG TOWN,HUDSON,D. K-8 / 751 +,2,B,,1,HUDSON
17,2060,30780692,16267647,15621047,504600,142000,5427719,5201497,3649193,3204359,4320711,1501735,0,433129,225000,2079,HARRISON TOWN,HUDSON,F. K-12 / 1801 - 3500,3,B,1,1,HUDSON
17,2210,40704803,20566355,19093452,1144223,328680,8716155,7811569,3440769,2614476,6239382,3501548,0,1397926,130000,1798,HOBOKEN CITY,HUDSON,F. K-12 / 1801 - 3500,3,FG,1,1,HUDSON
17,2295,37822830,17431353,16901353,380000,150000,5528474,5455474,4883047,3974547,5986471,3171471,125000,648904,0,3295,HUDSON COUNTY VOCATIONAL,HUDSON,J. VOC,8,,,1,HUDSON
17,2390,514711777,296966322,281041831,10992098,4932393,80263832,69277131,50367913,42667589,82378418,46131815,0,4316288,1269395,28407,JERSEY CITY,HUDSON,G. K-12 / 3501 +,3,B,1,1,HUDSON
17,2410,73243791,46133260,44051183,1452740,629337,6699032,5925028,9902653,8822244,8867455,5654613,300275,1236050,0,6002,KEARNY TOWN,HUDSON,G. K-12 / 3501 +,3,B,,1,HUDSON
17,3610,97474992,57946942,55866942,1376000,704000,13055383,11350414,12359867,10191767,11566681,7529881,0,1821979,179100,8132,NORTH BERGEN TWP,HUDSON,G. K-12 / 3501 +,3,B,,1,HUDSON
17,4730,31023866,17865996,16583738,458121,824137,3906411,3609705,3509472,2711705,3730303,2191144,666771,968825,0,2204,SECAUCUS TOWN,HUDSON,F. K-12 / 1801 - 3500,3,DE,,1,HUDSON
17,5240,191252811,97324031,91734956,4757742,831333,37597120,29852544,15944639,11036377,35336965,21621957,0,1267748,2112178,11772,UNION CITY,HUDSON,G. K-12 / 3501 +,3,A,1,1,HUDSON
17,5580,17636060,10491098,9441508,506300,543290,2327992,2116318,2231657,1820307,1770417,857917,0,548278,50000,1239,WEEHAWKEN TWP,HUDSON,E. K-12 / 0 - 1800,3,CD,,1,HUDSON
17,5670,112154386,67179998,64783045,2323575,73378,20538202,19313882,9917895,8406570,11566989,5362610,0,972220,876366,7191,WEST NEW YORK TOWN,HUDSON,G. K-12 / 3501 +,3,A,1,1,HUDSON
19,20,8603195,4919100,4662300,155000,101800,1726932,1522917,1005213,870776,872258,370315,0,76159,0,556,ALEXANDRIA TWP,HUNTERDON,C. K-8 / 401 - 750,2,GH,,1,HUNTERDON
19,370,7859043,4872615,4470845,368168,33602,1021923,829861,807160,510608,1058225,1500,0,99120,0,494,BETHLEHEM TWP,HUNTERDON,C. K-8 / 401 - 750,2,I,,1,HUNTERDON
19,430,2334595,1380869,1231806,88813,60250,421930,260628,268879,169677,256897,108872,0,6020,8650,154,BLOOMSBURY BORO,HUNTERDON,B. K-8 / 0 - 400,2,GH,,1,HUNTERDON
19,670,2141651,1383110,1318422,38879,25809,340579,218728,191890,113576,197831,81629,0,28241,0,150,CALIFON BORO,HUNTERDON,B. K-8 / 0 - 400,2,I,,1,HUNTERDON
19,910,6828923,4270193,3998605,186300,85288,1148478,1046899,753200,653119,556356,0,0,100696,0,495,CLINTON-GLEN GARDNER,HUNTERDON,C. K-8 / 401 - 750,2,I,,1,HUNTERDON
19,920,23199490,13454711,12547915,551753,355043,4558817,4117108,2315413,1955647,2813295,1293035,0,20903,105999,1652,CLINTON TWP,HUNTERDON,D. K-8 / 751 +,2,I,,1,HUNTERDON
19,1040,7516975,4613926,4449526,143900,20500,1173487,948687,801046,648646,745995,266495,0,139083,0,443,DELAWARE TWP,HUNTERDON,C. K-8 / 401 - 750,2,GH,,1,HUNTERDON
19,1050,14638100,7868340,7199094,394716,274530,2466538,2198058,1479279,1183349,1612604,759664,0,1211339,0,982,DELAWARE VALLEY REGIONAL,HUNTERDON,H. 7-12 / 9-12,5,GH,,1,HUNTERDON
19,1160,6827638,4258431,3965469,152389,140573,952174,833184,756351,626891,734229,368164,20000,106453,31617,437,EAST AMWELL TWP,HUNTERDON,C. K-8 / 401 - 750,2,I,,1,HUNTERDON
19,1510,46967055,29556143,26475421,978355,2102367,5580879,5130080,5489769,4506230,5747834,1043130,0,230670,195500,3541,FLEMINGTON-RARITAN REG,HUNTERDON,D. K-8 / 751 +,2,I,,1,HUNTERDON
19,1600,4672410,2881561,2742859,103702,35000,617478,459942,558401,417793,613971,26641,0,0,0,326,FRANKLIN TWP,HUNTERDON,B. K-8 / 0 - 400,2,I,,1,HUNTERDON
19,1680,2294966,1420855,1301098,79434,40323,375878,313643,192010,163332,267911,116122,9563,28749,0,152,FRENCHTOWN BORO,HUNTERDON,B. K-8 / 0 - 400,2,FG,,1,HUNTERDON
19,1970,2555555,1560328,1523328,17000,20000,434154,411654,217978,183978,322995,167015,0,20100,0,121,HAMPTON BORO,HUNTERDON,B. K-8 / 0 - 400,2,DE,,1,HUNTERDON
19,2140,6790068,3799310,3622346,105976,70988,1261312,1180727,688614,564317,631020,269646,0,34679,0,380,HIGH BRIDGE BORO,HUNTERDON,B. K-8 / 0 - 400,2,GH,,1,HUNTERDON
19,2220,9637089,6200995,5947039,173165,80791,1316803,1190503,1067853,909688,977554,519488,0,73884,0,603,HOLLAND TWP,HUNTERDON,C. K-8 / 401 - 750,2,FG,,1,HUNTERDON
19,2300,50422635,27295748,25529163,1202995,563590,9480827,8917687,4130268,3356848,6614857,3062877,0,2363689,392000,2998,HUNTERDON CENTRAL REG,HUNTERDON,H. 7-12 / 9-12,5,I,,1,HUNTERDON
19,2308,4045507,1939643,1612338,156167,171138,406824,269570,901741,710021,840051,174551,0,32330,61194,371,HUNTERDON CO VOCATIONAL,HUNTERDON,J. VOC,8,,,1,HUNTERDON
19,2450,6191683,3655348,3372764,215246,67338,879897,684486,734760,643440,677459,320534,0,63213,31536,406,KINGWOOD TWP,HUNTERDON,C. K-8 / 401 - 750,2,FG,,1,HUNTERDON
19,2530,3311213,2189596,2066985,80891,41720,534122,318390,304381,224686,280781,95265,0,2332,12500,211,LAMBERTVILLE CITY,HUNTERDON,A. K-6,1,GH,,1,HUNTERDON
19,2590,1955703,969441,896173,44584,28684,591915,438074,177750,91056,211930,83384,0,4667,3000,100,LEBANON BORO,HUNTERDON,A. K-6,1,I,,1,HUNTERDON
19,2600,11783644,7370488,6992079,225639,152770,1908047,1640660,1311888,1099410,1099141,581947,0,94081,22500,724,LEBANON TWP,HUNTERDON,C. K-8 / 401 - 750,2,I,,1,HUNTERDON
19,3180,1842168,1056479,943691,57601,55187,396466,167588,158482,53934,194980,82044,13671,22090,0,123,MILFORD BORO,HUNTERDON,B. K-8 / 0 - 400,2,FG,,1,HUNTERDON
19,3660,47254507,25078601,23313871,1252284,512446,6958307,6159261,4492232,3143173,7886036,3547253,0,2837388,141503,2849,N HUNT/VOORHEES REGIONAL,HUNTERDON,H. 7-12 / 9-12,5,I,,1,HUNTERDON
19,4350,26939790,16326437,15504411,661943,160083,4640545,4130734,2745258,2174151,2660121,767404,0,362062,53000,1879,READINGTON TWP,HUNTERDON,D. K-8 / 751 +,2,I,,1,HUNTERDON
19,4890,7598943,4287158,3995144,175621,116393,1250069,819899,732715,537418,896871,361966,0,432130,0,407,SOUTH HUNTERDON REGIONAL,HUNTERDON,H. 7-12 / 9-12,4,GH,,1,HUNTERDON
19,5050,683816,439233,393533,26000,19700,69211,55161,91720,45405,70744,14699,0,0,0,51,STOCKTON BORO,HUNTERDON,A. K-6,1,FG,,1,HUNTERDON
19,5180,11035385,6668323,6406599,215744,45980,1770192,1419266,1257141,1045186,1059994,473255,0,183754,3200,697,TEWKSBURY TWP,HUNTERDON,C. K-8 / 401 - 750,2,J,,1,HUNTERDON
19,5270,7527215,4287246,4073445,118014,95787,1284137,954262,873684,632620,999814,379864,0,82332,0,495,UNION TWP,HUNTERDON,C. K-8 / 401 - 750,2,GH,,1,HUNTERDON
19,5600,3752991,2367191,2251494,83033,32664,602063,437067,448849,325579,334888,143738,0,0,4000,248,WEST AMWELL TWP,HUNTERDON,A. K-6,1,GH,,1,HUNTERDON
21,1245,68387985,42602837,40448110,1636043,518684,9689610,8456052,5633828,4743305,8350185,4596833,0,1311644,187039,5067,EAST WINDSOR REGIONAL,MERCER,G. K-12 / 3501 +,3,GH,,1,MERCER
21,1430,54524053,33189065,31262579,531281,1395205,7219260,6644330,4947360,4362638,5922759,3238203,0,1081244,250000,3706,EWING TWP,MERCER,G. K-12 / 3501 +,3,DE,,1,MERCER
21,1950,156915759,96828598,93186761,2845163,796674,22181726,20581878,13625101,11992667,19658999,12102389,0,2175041,834650,12354,HAMILTON TWP,MERCER,G. K-12 / 3501 +,3,FG,,1,MERCER
21,2280,61936309,39205946,36906333,1563762,735851,8564429,7796500,5335067,4265048,7116358,3575653,0,1275182,256275,3726,HOPEWELL VALLEY REGIONAL,MERCER,G. K-12 / 3501 +,3,I,,1,MERCER
21,2580,57952828,33163796,31460884,1566192,136720,11029400,10230404,5127862,4562726,7320102,4503586,0,1060942,25200,4028,LAWRENCE TWP,MERCER,G. K-12 / 3501 +,3,GH,,1,MERCER
21,3103,37436928,21549859,21222118,227957,99784,8984203,8755098,3651763,3050294,3203571,1327209,0,0,36000,615,MERCER CO SPECIAL SERVICE,MERCER,I. CSSD,7,,,1,MERCER
21,3105,10615637,4892653,4288916,402052,201685,1430201,1239032,1749038,1427535,2435149,865746,0,0,56900,621,MERCER COUNTY VOCATIONAL,MERCER,J. VOC,8,,,1,MERCER
21,4255,62931350,37933187,35548304,1629195,755688,10974630,9764770,5415744,4730569,6875082,3689797,0,1555128,5100,3475,PRINCETON,MERCER,G. K-12 / 3501 +,3,I,,1,MERCER
21,5210,196915694,112528434,103987140,3843374,4697920,34820662,30261691,20216130,16939936,25478541,12160170,0,1901884,352379,11617,TRENTON CITY,MERCER,G. K-12 / 3501 +,3,A,1,1,MERCER
21,5510,30983414,18275861,17245073,845394,185394,4295160,3921436,3221928,2667736,3702533,502038,0,1368660,229250,2901,ROBBINSVILLE TWP,MERCER,F. K-12 / 1801 - 3500,3,I,,1,MERCER
21,5715,131804007,83428327,81093557,1923787,410983,18677614,17495611,13886925,10615916,12575320,887757,0,2828445,120526,9909,W WINDSOR-PLAINSBORO REG,MERCER,G. K-12 / 3501 +,3,J,,1,MERCER
23,750,44031806,27688400,26561768,503318,623314,4883889,4009760,5640010,4136345,5047907,2446793,0,510675,0,3750,CARTERET BORO,MIDDLESEX,G. K-12 / 3501 +,3,B,,1,MIDDLESEX
23,970,9987407,6144711,5630008,325003,189700,1395964,1219214,932491,768641,1306492,508562,0,185177,0,550,CRANBURY TWP,MIDDLESEX,C. K-8 / 401 - 750,2,J,,1,MIDDLESEX
23,1140,12880313,7528945,7286263,228514,14168,1626367,1330460,1881213,1530705,1405587,233830,0,435135,3000,1166,DUNELLEN BORO,MIDDLESEX,E. K-12 / 0 - 1800,3,FG,,1,MIDDLESEX
23,1170,113675531,68499500,65098148,1802592,1598760,18623871,16736627,11711326,10344844,13273894,4820863,0,1228212,35000,8413,EAST BRUNSWICK TWP,MIDDLESEX,G. K-12 / 3501 +,3,I,,1,MIDDLESEX
23,1290,177944412,119187246,115924246,2986000,277000,24289647,21115947,13668930,10866564,18428173,12089273,0,2078895,2100000,14379,EDISON TWP,MIDDLESEX,G. K-12 / 3501 +,3,GH,,1,MIDDLESEX
23,2150,22720309,13279827,12638428,262578,378821,4019762,3608236,2553739,2081661,2284764,67603,0,578804,0,1473,HIGHLAND PARK BORO,MIDDLESEX,E. K-12 / 0 - 1800,3,GH,,1,MIDDLESEX
23,2370,6647323,4603865,4425819,152710,25336,605552,411572,824503,653764,605389,259920,0,8015,0,665,JAMESBURG BORO,MIDDLESEX,D. K-8 / 751 +,2,DE,,1,MIDDLESEX
23,3120,27886021,16992145,16147140,738005,107000,4138681,3691838,2656990,2158420,2872106,1635691,0,794540,0,2157,METUCHEN BORO,MIDDLESEX,F. K-12 / 1801 - 3500,3,I,,1,MIDDLESEX
23,3140,28082594,17038088,16222500,692320,123268,4243666,3655260,3097620,2557334,2904217,1548947,0,760164,25900,2167,MIDDLESEX BORO,MIDDLESEX,F. K-12 / 1801 - 3500,3,FG,,1,MIDDLESEX
23,3150,37835243,17544128,15594854,1272032,677242,5106596,4809796,6322867,5242709,7797718,3346304,10000,643869,0,2286,MIDDLESEX CO VOCATIONAL,MIDDLESEX,J. VOC,8,,,1,MIDDLESEX
23,3220,8302153,4856815,4500340,212573,143902,1364957,1135105,857902,684612,1092527,639067,0,94575,108800,664,MILLTOWN BORO,MIDDLESEX,C. K-8 / 401 - 750,2,FG,,1,MIDDLESEX
23,3290,84169778,49882501,45651185,2867156,1364160,12020451,10692623,8639858,7231423,10773782,6330062,0,2032396,226440,6067,MONROE TWP,MIDDLESEX,G. K-12 / 3501 +,3,FG,,1,MIDDLESEX
23,3530,144688461,84666422,77960244,2681260,4024918,23508492,18103534,12727011,10744182,22093018,9349768,0,1012563,1105000,8089,NEW BRUNSWICK CITY,MIDDLESEX,G. K-12 / 3501 +,3,A,1,1,MIDDLESEX
23,3620,73194717,46381189,44133829,1768165,479195,10494325,9639468,6435804,5549555,8349381,4795526,0,1285742,392632,6090,NORTH BRUNSWICK TWP,MIDDLESEX,G. K-12 / 3501 +,3,FG,,1,MIDDLESEX
23,3845,117997959,74119113,72035140,1799232,284741,15361474,14058861,11257013,9355930,14564288,3645664,0,1839615,679756,9178,OLD BRIDGE TWP,MIDDLESEX,G. K-12 / 3501 +,3,FG,,1,MIDDLESEX
23,4090,160321477,101842663,96482922,4706497,653244,24072654,18092680,12469267,10294812,18285444,9770769,0,1154358,5544000,10934,PERTH AMBOY CITY,MIDDLESEX,G. K-12 / 3501 +,3,A,1,1,MIDDLESEX
23,4130,89768066,55776553,52853658,1271882,1651013,13083393,11184894,8665205,6325824,10669260,5577501,0,1567323,187741,7297,PISCATAWAY TWP,MIDDLESEX,G. K-12 / 3501 +,3,GH,,1,MIDDLESEX
23,4660,67417361,42431751,40335886,1384109,711756,9843876,7894659,6593829,4989903,6895208,3755215,0,1287970,38000,6112,SAYREVILLE BORO,MIDDLESEX,G. K-12 / 3501 +,3,DE,,1,MIDDLESEX
23,4830,13083897,7970315,7597787,268428,104100,1555531,1427431,1724078,1426960,1445723,758714,0,353550,0,1162,SOUTH AMBOY CITY,MIDDLESEX,E. K-12 / 0 - 1800,3,CD,,1,MIDDLESEX
23,4860,107896703,65459878,63623993,1352485,483400,12594339,11477923,11701224,10353544,15838419,8150533,0,1550438,0,9013,SOUTH BRUNSWICK TWP,MIDDLESEX,G. K-12 / 3501 +,3,I,,1,MIDDLESEX
23,4910,48238782,29385231,28596099,550413,238719,6990050,5992783,5414445,4264360,4678358,370007,0,1404321,230000,3814,SOUTH PLAINFIELD BORO,MIDDLESEX,G. K-12 / 3501 +,3,FG,,1,MIDDLESEX
23,4920,23709138,13545392,13115022,323739,106631,3541408,3250027,2921957,2606589,2918181,777099,0,782199,5500,2405,SOUTH RIVER BORO,MIDDLESEX,F. K-12 / 1801 - 3500,3,CD,,1,MIDDLESEX
23,4970,22313167,13367819,12823265,508072,36482,3159812,2499283,2277243,1855613,2899763,1534607,0,580341,151990,1846,SPOTSWOOD BORO,MIDDLESEX,E. K-12 / 0 - 1800,3,DE,,1,MIDDLESEX
23,5850,169193897,108514183,103044383,3846510,1623290,22987427,21517967,19287212,15221478,14204139,2023326,0,2590693,691912,13271,WOODBRIDGE TWP,MIDDLESEX,G. K-12 / 3501 +,3,DE,,1,MIDDLESEX
25,100,54163586,27643639,25264406,1799585,579648,12134225,10879345,3518159,2605416,8614922,3955331,285501,1529119,774855,1989,ASBURY PARK CITY,MONMOUTH,F. K-12 / 1801 - 3500,3,A,1,1,MONMOUTH
25,130,4595019,3016044,2890056,115088,10900,511115,286758,568780,397870,427344,184970,0,17737,31000,336,ATLANTIC HIGHLANDS BORO,MONMOUTH,A. K-6,1,GH,,1,MONMOUTH
25,180,2443062,1379488,1238134,85181,56173,520439,444364,211143,181637,264521,95634,20992,45109,29415,164,AVON BORO,MONMOUTH,B. K-8 / 0 - 400,2,I,,1,MONMOUTH
25,270,7544085,4867271,4520018,247553,99700,991771,889321,837328,692008,711424,43284,0,126635,0,562,BELMAR BORO,MONMOUTH,C. K-8 / 401 - 750,2,CD,,1,MONMOUTH
25,500,4705988,2950553,2805358,109695,35500,681824,665574,450820,356255,539257,258657,5000,76479,23000,275,BRADLEY BEACH BORO,MONMOUTH,B. K-8 / 0 - 400,2,CD,,1,MONMOUTH
25,560,7219746,4217353,4027853,151500,38000,1332014,1143514,796485,628485,758975,382689,20000,94918,0,584,BRIELLE BORO,MONMOUTH,C. K-8 / 401 - 750,2,GH,,1,MONMOUTH
25,945,19189518,11796853,11248100,427139,121614,2888869,2651909,2031052,1836483,2139406,1007895,0,91889,58100,1121,COLTS NECK TWP,MONMOUTH,D. K-8 / 751 +,2,I,,1,MONMOUTH
25,1000,2825342,1393257,1217167,130250,45840,380077,157427,281964,232972,704417,77805,0,65627,0,156,DEAL BORO,MONMOUTH,B. K-8 / 0 - 400,2,,,1,MONMOUTH
25,1260,16519030,9927195,9383782,450209,93204,2580545,2259442,1759779,1451818,2081530,215238,0,107460,93000,1064,EATONTOWN BORO,MONMOUTH,D. K-8 / 751 +,2,FG,,1,MONMOUTH
25,1440,12374032,7672181,7457081,186500,28600,1813220,1618319,1224815,996435,1601210,642979,0,62607,0,1016,FAIR HAVEN BORO,MONMOUTH,D. K-8 / 751 +,2,I,,1,MONMOUTH
25,1490,2417835,1332232,1294632,37600,0,548508,271504,259051,209201,265544,63832,0,5000,0,154,FARMINGDALE BORO,MONMOUTH,B. K-8 / 0 - 400,2,DE,,1,MONMOUTH
25,1640,16587384,9975264,9379226,449654,146384,2644630,2057245,2271583,1795864,1525036,869652,0,131218,9000,1532,FREEHOLD BORO,MONMOUTH,D. K-8 / 751 +,2,B,,1,MONMOUTH
25,1650,145371214,87506944,84239179,1792412,1475353,17518944,15875255,14199860,11478420,17854160,8354604,0,6510976,336604,11453,FREEHOLD REGIONAL,MONMOUTH,H. 7-12 / 9-12,5,GH,,1,MONMOUTH
25,1660,59007358,36181200,34525162,1536990,119048,9027128,8564966,5887987,4772022,6781695,3423524,0,354801,32000,4254,FREEHOLD TWP,MONMOUTH,D. K-8 / 751 +,2,GH,,1,MONMOUTH
25,2105,43379985,26116835,24435949,1361181,319705,5305331,4692513,5060230,4467913,5754242,3142331,0,1080725,8500,3193,HAZLET TWP,MONMOUTH,F. K-12 / 1801 - 3500,3,DE,,1,MONMOUTH
25,2120,7216576,3944733,3692455,174698,77580,1184487,931123,578480,368690,804953,69402,0,607725,150733,403,HENRY HUDSON REGIONAL,MONMOUTH,H. 7-12 / 9-12,4,DE,,1,MONMOUTH
25,2160,3659294,2048851,1767501,212500,68850,859977,612396,256862,69062,480808,162748,0,12430,0,189,HIGHLANDS BORO,MONMOUTH,A. K-6,1,CD,,1,MONMOUTH
25,2230,48013496,27050039,25815180,971781,263078,9154419,8507189,3799460,3222982,7119117,4029461,0,866212,11000,3165,HOLMDEL TWP,MONMOUTH,F. K-12 / 1801 - 3500,3,I,,1,MONMOUTH
25,2290,89904688,55687430,53244176,1990594,452660,12518565,11991580,8885149,7502751,11278941,5960689,0,492568,1324505,6519,HOWELL TWP,MONMOUTH,D. K-8 / 751 +,2,FG,,1,MONMOUTH
25,2400,33612672,19196870,18407281,452263,337326,7009214,6009214,2549079,2006001,3822509,0,104408,808267,300892,1638,KEANSBURG BORO,MONMOUTH,E. K-12 / 0 - 1800,3,A,1,1,MONMOUTH
25,2430,16425232,9986948,9471480,471968,43500,2311731,2145744,1818674,1561586,1814601,1022371,0,484163,64766,1081,KEYPORT BORO,MONMOUTH,E. K-12 / 0 - 1800,3,CD,,1,MONMOUTH
25,2720,11011801,6546580,6213913,311140,21527,1773647,1546625,1367059,1153323,1226482,591244,0,97261,329200,809,LITTLE SILVER BORO,MONMOUTH,D. K-8 / 751 +,2,J,,1,MONMOUTH
25,2770,81615600,50354020,48499838,1238207,615975,12370033,10603257,7423502,6249484,9775544,5521230,0,1472187,30000,5475,LONG BRANCH CITY,MONMOUTH,G. K-12 / 3501 +,3,B,1,1,MONMOUTH
25,2920,65136006,38399638,36644861,1302187,452590,9606365,9023115,6744502,5159569,9243865,4989882,0,334155,100000,5156,MANALAPAN-ENGLISHTOWN REG,MONMOUTH,D. K-8 / 751 +,2,GH,,1,MONMOUTH
25,2930,22313931,11984416,11431481,378700,174235,3512175,3005376,2745565,2326459,3175498,1145553,0,896277,11300,1606,MANASQUAN BORO,MONMOUTH,E. K-12 / 0 - 1800,3,GH,,1,MONMOUTH
25,3030,70782847,44433123,42133798,2173879,125446,9901665,8961977,7490276,6353874,7817066,2959178,0,487925,28000,5387,MARLBORO TWP,MONMOUTH,D. K-8 / 751 +,2,I,,1,MONMOUTH
25,3040,51614620,32071967,30725632,1323557,22778,7088276,5453244,4873680,4158756,5630116,845666,0,1498114,142878,3948,MATAWAN-ABERDEEN REGIONAL,MONMOUTH,G. K-12 / 3501 +,3,FG,,1,MONMOUTH
25,3160,128943748,82644088,79109204,3145873,389011,16416564,14230083,12249931,11413484,15211356,9043460,0,2375753,647417,9764,MIDDLETOWN TWP,MONMOUTH,G. K-12 / 3501 +,3,GH,,1,MONMOUTH
25,3200,19854467,11596607,10813313,688275,95019,2839706,2437892,2557365,2091687,2445508,1129262,0,186028,0,1448,MILLSTONE TWP,MONMOUTH,D. K-8 / 751 +,2,I,,1,MONMOUTH
25,3250,4265177,2690116,2406116,152000,132000,466931,345081,537610,448010,490882,166241,0,66238,0,310,MONMOUTH BEACH BORO,MONMOUTH,B. K-8 / 0 - 400,2,I,,1,MONMOUTH
25,3260,40414118,24072486,21486711,1405500,1180275,3770843,3466708,5289435,4496285,7001989,2543739,75000,0,0,2566,MONMOUTH CO VOCATIONAL,MONMOUTH,J. VOC,8,,,1,MONMOUTH
25,3270,19931853,10106115,9715886,276554,113675,4022513,3607293,1684225,1435913,2757027,1371521,0,1186809,0,979,MONMOUTH REGIONAL,MONMOUTH,H. 7-12 / 9-12,5,GH,,1,MONMOUTH
25,3500,4590460,2856379,2663279,138600,54500,584626,353576,595541,457041,478196,232896,0,74718,25000,403,NEPTUNE CITY,MONMOUTH,C. K-8 / 401 - 750,2,CD,,1,MONMOUTH
25,3510,68953410,38340022,36461750,806150,1072122,9272530,8098099,7027878,5900983,12412993,3818671,0,1843134,326838,4405,NEPTUNE TWP,MONMOUTH,G. K-12 / 3501 +,3,CD,1,1,MONMOUTH
25,3810,59391774,35489567,33662388,1565253,261926,8070127,7460850,5733757,4434511,7740757,3813021,30100,1707023,943123,3876,OCEAN TWP,MONMOUTH,G. K-12 / 3501 +,3,FG,,1,MONMOUTH
25,3830,9084889,5080637,4904887,121750,54000,1902307,1788707,1104890,851390,812784,309215,0,179604,114215,649,OCEANPORT BORO,MONMOUTH,C. K-8 / 401 - 750,2,GH,,1,MONMOUTH
25,4360,14410063,8527395,7912322,467141,147932,2828294,2146445,1349767,1063984,1589125,796203,0,38890,41000,1001,RED BANK BORO,MONMOUTH,D. K-8 / 751 +,2,CD,,1,MONMOUTH
25,4365,21269915,11998884,11144371,676757,177756,3729052,3451807,2158069,1829395,2239568,720068,0,1071770,43500,1191,RED BANK REGIONAL,MONMOUTH,H. 7-12 / 9-12,5,FG,,1,MONMOUTH
25,4520,1505094,962104,909654,22250,30200,166753,154651,167683,77175,206939,0,0,1615,0,95,ROOSEVELT BORO,MONMOUTH,A. K-6,1,GH,,1,MONMOUTH
25,4570,12704776,7804307,7436014,268793,99500,1891905,1714330,1634059,1281456,1299553,659891,0,74953,24100,1035,RUMSON BORO,MONMOUTH,D. K-8 / 751 +,2,J,,1,MONMOUTH
25,4580,14858363,8005640,7593911,329606,82123,2652630,2410066,1598724,1252194,1622596,438071,0,976328,200000,928,RUMSON-FAIR HAVEN REG,MONMOUTH,H. 7-12 / 9-12,5,J,,1,MONMOUTH
25,4690,3472431,1941275,1823236,85339,32700,651159,467194,326026,190489,406618,205617,0,92309,0,183,SEA GIRT BORO,MONMOUTH,B. K-8 / 0 - 400,2,I,,1,MONMOUTH
25,4760,11492998,6207052,5826196,244450,136406,1726909,1475309,1084761,790331,1483958,72088,10000,920840,474451,651,SHORE REGIONAL,MONMOUTH,H. 7-12 / 9-12,5,GH,,1,MONMOUTH
25,4770,7131249,4184959,3923698,156956,104305,1325319,1051022,893350,692504,706086,376086,0,21536,0,528,SHREWSBURY BORO,MONMOUTH,C. K-8 / 401 - 750,2,I,,1,MONMOUTH
25,4980,5423172,2731404,2547624,135880,47900,1295990,1026770,479488,365773,858566,435478,0,57408,19000,271,SPRING LAKE BORO,MONMOUTH,B. K-8 / 0 - 400,2,I,,1,MONMOUTH
25,4990,4873785,2644769,2433189,174100,37480,957536,896264,609244,381024,581469,208962,0,80768,0,362,SPRING LAKE HEIGHTS BORO,MONMOUTH,B. K-8 / 0 - 400,2,FG,,1,MONMOUTH
25,5185,22024170,12878565,11996417,712366,169782,4313806,3823458,2491833,1923888,2172819,129154,0,167146,110000,1554,TINTON FALLS,MONMOUTH,D. K-8 / 751 +,2,GH,,1,MONMOUTH
25,5230,8865541,5271773,4989996,230587,51190,1402089,1230508,931798,736669,1134782,601928,0,65692,0,740,UNION BEACH,MONMOUTH,C. K-8 / 401 - 750,2,CD,,1,MONMOUTH
25,5310,30877163,17977996,16837471,586562,553963,5263803,4828178,2967187,2505670,3775830,1958387,0,875409,17000,2313,UPPER FREEHOLD REGIONAL,MONMOUTH,F. K-12 / 1801 - 3500,3,GH,,1,MONMOUTH
25,5420,55947897,32890814,30670501,1853463,366850,7567787,6668872,6221634,5085271,7492333,3765933,0,1178445,219000,3928,WALL TWP,MONMOUTH,G. K-12 / 3501 +,3,GH,,1,MONMOUTH
25,5640,8882005,5084003,4849398,186046,48559,1346081,1072843,1045936,640224,1181140,455540,0,148442,35580,617,WEST LONG BRANCH BORO,MONMOUTH,C. K-8 / 401 - 750,2,FG,,1,MONMOUTH
27,450,21836468,12614380,11973182,304643,336555,4215414,3508258,2086755,1683359,2035706,1045933,0,884213,0,1285,BOONTON TOWN,MORRIS,E. K-12 / 0 - 1800,3,FG,,1,MORRIS
27,460,6839585,4276992,4164722,104350,7920,835334,659237,889883,690713,714419,358539,0,90901,26561,495,BOONTON TWP,MORRIS,C. K-8 / 401 - 750,2,I,,1,MORRIS
27,630,17836631,9308066,8813756,362670,131640,3450283,2725137,2136644,1753382,2315127,1318168,0,626511,44385,1111,BUTLER BORO,MORRIS,E. K-12 / 0 - 1800,3,DE,,1,MORRIS
27,785,51378319,29565826,27596720,1865167,103939,8079451,7242655,6063717,5348018,6484223,2786783,0,1150826,405442,4138,SCH DIST OF THE CHATHAMS,MORRIS,G. K-12 / 3501 +,3,J,,1,MORRIS
27,820,18523748,10765589,10159163,364576,241850,2720527,2027662,2011626,1639706,2180919,964183,0,129716,0,1272,CHESTER TWP,MORRIS,D. K-8 / 751 +,2,J,,1,MORRIS
27,1090,24022692,14682521,13480696,531744,670081,4046670,3638693,2322986,2036702,2051293,1179429,0,176085,0,1783,DENVILLE TWP,MORRIS,D. K-8 / 751 +,2,I,,1,MORRIS
27,1110,36075532,22394256,20777214,1286332,330710,3879473,3617243,4424061,3934141,4027424,2225134,0,1246582,304277,2967,DOVER TOWN,MORRIS,F. K-12 / 1801 - 3500,3,A,,1,MORRIS
27,1190,15530679,9938847,9397944,350379,190524,1863816,1297435,1960294,1744227,1633804,1001885,0,97585,12000,1098,EAST HANOVER TWP,MORRIS,D. K-8 / 751 +,2,GH,,1,MORRIS
27,1530,14422453,8060562,7576987,301675,181900,2469593,2196159,1825317,1629447,1768203,967753,0,153915,0,1006,FLORHAM PARK BORO,MORRIS,D. K-8 / 751 +,2,I,,1,MORRIS
27,1990,24658509,13276307,12518773,521045,236489,3625469,3186630,2647714,2265260,3089557,1535168,0,1731311,429895,1527,HANOVER PARK REGIONAL,MORRIS,H. 7-12 / 9-12,5,GH,,1,MORRIS
27,2000,21496286,12168676,11592390,447199,129087,3834169,3283248,2456850,2157112,2731797,1650441,0,142851,132000,1465,HANOVER TWP,MORRIS,D. K-8 / 751 +,2,I,,1,MORRIS
27,2010,6471135,3238137,3015727,114120,108290,1140624,926474,532579,400202,965784,259849,0,165702,0,336,HARDING TOWNSHIP,MORRIS,B. K-8 / 0 - 400,2,J,,1,MORRIS
27,2380,47896852,27344908,26113425,827777,403706,7862778,7409143,5548119,4806071,5894467,3259029,0,914192,0,3443,JEFFERSON TWP,MORRIS,F. K-12 / 1801 - 3500,3,GH,,1,MORRIS
27,2460,30363557,17627747,16659632,707657,260458,4738410,4240169,3111964,2718294,3661020,1625681,0,1139729,14658,2105,KINNELON BORO,MORRIS,F. K-12 / 1801 - 3500,3,I,,1,MORRIS
27,2650,11151780,6931893,6552561,257497,121835,1281978,1026266,1551780,1316320,1319976,718647,0,65873,0,893,LINCOLN PARK BORO,MORRIS,D. K-8 / 751 +,2,FG,,1,MORRIS
27,2870,33516820,19432259,18662483,604305,165471,5323372,4770076,3970999,3280797,3482777,1605226,0,1292958,90775,2441,MADISON BORO,MORRIS,F. K-12 / 1801 - 3500,3,I,,1,MORRIS
27,3090,8569500,5123034,4715599,179412,228023,1312058,1085384,1117636,907717,925850,442390,0,90922,0,664,MENDHAM BORO,MORRIS,C. K-8 / 401 - 750,2,J,,1,MORRIS
27,3100,13053915,7705952,7265816,272430,167706,1685902,1446888,1551233,1336633,1547253,706028,0,229478,54820,829,MENDHAM TWP,MORRIS,D. K-8 / 751 +,2,J,,1,MORRIS
27,3240,4765461,2862347,2618792,192075,51480,650195,278552,624921,416504,615642,211942,0,11539,10000,443,MINE HILL TWP,MORRIS,A. K-6,1,FG,,1,MORRIS
27,3340,59700509,37789721,35919557,1118235,751929,9313599,8488192,5643570,4698423,5204470,1250162,0,1723850,146414,4184,MONTVILLE TWP,MORRIS,G. K-12 / 3501 +,3,I,,1,MORRIS
27,3365,16528837,8825498,6359766,482022,1983710,2221611,2076376,2755424,2326775,2408314,1277046,35000,282967,104876,959,MORRIS COUNTY VOCATIONAL,MORRIS,J. VOC,8,,,1,MORRIS
27,3370,47402877,27015768,25573145,934200,508423,7348583,6568777,5038099,4031257,5275949,2985808,0,2786502,442929,2906,MORRIS HILLS REGIONAL,MORRIS,H. 7-12 / 9-12,5,GH,,1,MORRIS
27,3380,9051423,5121988,4705097,264541,152350,1459868,696115,1198235,938494,1147882,553860,0,114404,107580,629,MORRIS PLAINS BORO,MORRIS,C. K-8 / 401 - 750,2,I,,1,MORRIS
27,3385,79856611,44900845,42483270,1596198,821377,15002189,13795204,7921723,6178262,9719306,5104698,245000,1613461,543100,5042,MORRIS SCHOOL DISTRICT,MORRIS,G. K-12 / 3501 +,3,GH,,1,MORRIS
27,3410,6089695,3334402,3079169,217954,37279,1148565,897858,739242,552672,785167,295347,0,78446,158738,380,MOUNT ARLINGTON BORO,MORRIS,B. K-8 / 0 - 400,2,GH,,1,MORRIS
27,3450,68575034,38822400,36743182,1460296,618922,11641611,10146946,7274254,6013355,8814946,4814706,0,1081238,911286,4795,MOUNT OLIVE TWP,MORRIS,G. K-12 / 3501 +,3,GH,,1,MORRIS
27,3460,31253914,18311643,17658575,414261,238807,5209767,4837272,2855270,2488322,3805896,1794048,0,946760,50250,1572,MOUNTAIN LAKES BORO,MORRIS,E. K-12 / 0 - 1800,3,J,,1,MORRIS
27,3520,4044965,2702277,2592047,106750,3480,453372,341825,510996,390569,343880,126780,0,34290,15000,282,NETCONG BORO,MORRIS,B. K-8 / 0 - 400,2,DE,,1,MORRIS
27,3950,107827879,63980296,62060736,1789358,130202,20084499,17637887,9814036,8597857,10907551,6080221,0,2675734,508000,7294,PARSIPPANY-TROY HILLS TWP,MORRIS,G. K-12 / 3501 +,3,GH,,1,MORRIS
27,4000,13194043,7452749,6780168,394301,278280,2649283,2268375,1498314,1375054,1583519,16542,0,10179,5000,886,LONG HILL TWP,MORRIS,D. K-8 / 751 +,2,I,,1,MORRIS
27,4080,32025172,19767367,18549495,878246,339626,4543966,3892587,3784700,3127935,3019195,1542637,0,853294,11600,2229,PEQUANNOCK TWP,MORRIS,F. K-12 / 1801 - 3500,3,GH,,1,MORRIS
27,4330,70968253,43274236,40432974,2019863,821399,10653360,9347168,7312985,5891378,7300799,4328296,0,1792938,143840,5142,RANDOLPH TWP,MORRIS,G. K-12 / 3501 +,3,I,,1,MORRIS
27,4440,4306250,2370127,2218231,94300,57596,708684,547631,696931,566705,470571,212522,0,55159,0,366,RIVERDALE BORO,MORRIS,B. K-8 / 0 - 400,2,FG,,1,MORRIS
27,4480,7226907,3878345,3625641,183659,69045,1512773,938338,935329,706779,833563,413007,0,45786,5692,663,ROCKAWAY BORO,MORRIS,C. K-8 / 401 - 750,2,FG,,1,MORRIS
27,4490,39686086,22731655,22051823,633032,46800,6757424,6310015,4545453,3456281,5616054,2769284,0,18000,699949,2478,ROCKAWAY TWP,MORRIS,D. K-8 / 751 +,2,I,,1,MORRIS
27,4560,55778065,32895244,30788192,1165392,941660,9105006,7684182,4814973,4195399,6740347,2066542,0,1421746,86000,3965,ROXBURY TWP,MORRIS,G. K-12 / 3501 +,3,GH,,1,MORRIS
27,5520,34946155,22129497,20912642,604059,612796,5814028,4776824,3069656,2697273,3751170,1992825,0,181803,0,2450,WASHINGTON TWP,MORRIS,D. K-8 / 751 +,2,I,,1,MORRIS
27,5660,41067654,24129550,23277021,681351,171178,5897284,5291120,4348079,3202709,3725700,1802097,0,2921822,183020,2720,WEST MORRIS REGIONAL,MORRIS,H. 7-12 / 9-12,5,I,,1,MORRIS
27,5770,11310949,7154399,6479624,338310,336465,1705796,993871,1119434,830829,999803,60694,0,85424,69697,791,WHARTON BORO,MORRIS,D. K-8 / 751 +,2,DE,,1,MORRIS
29,185,42005569,25528672,23462757,1153348,912567,5886872,5242071,3540439,2981239,5226662,2856542,0,1387287,104500,3217,BARNEGAT TWP,OCEAN,F. K-12 / 1801 - 3500,3,CD,,1,OCEAN
29,210,2654097,1521720,1374628,33500,113592,480164,214175,179021,119021,396925,230945,0,63040,0,140,BAY HEAD BORO,OCEAN,B. K-8 / 0 - 400,2,I,,1,OCEAN
29,230,1551714,1020753,980829,28474,11450,221019,216469,60411,36120,231526,50486,0,5000,0,68,BEACH HAVEN BORO,OCEAN,A. K-6,1,FG,,1,OCEAN
29,320,26984818,15720925,14634423,1013637,72865,3801170,3546185,3308598,2640805,3757018,1749643,0,12193,106800,2059,BERKELEY TWP,OCEAN,A. K-6,1,B,,1,OCEAN
29,530,117069860,73161654,68465708,2786912,1909034,18132330,16776456,11247728,10535673,10238764,6311949,0,2543077,806012,9524,BRICK TWP,OCEAN,G. K-12 / 3501 +,3,DE,,1,OCEAN
29,770,27173111,15249800,14718961,310529,220310,3785566,3489828,3039285,2338587,3288386,1748203,0,1463084,509800,1982,CENTRAL REGIONAL,OCEAN,H. 7-12 / 9-12,4,B,,1,OCEAN
29,1150,2112441,1362863,1265363,97500,0,295491,175141,257060,207560,186915,72415,0,0,0,142,EAGLESWOOD TWP,OCEAN,A. K-6,1,B,,1,OCEAN
29,2350,1860459,1159775,1065473,76002,18300,178782,58817,239154,212454,269803,37553,0,10702,0,132,ISLAND HEIGHTS BORO,OCEAN,A. K-6,1,GH,,1,OCEAN
29,2360,112652533,66189070,63244865,2131160,813045,17121057,15361193,11443607,9482446,12963143,7049559,0,2357363,485754,9298,JACKSON TWP,OCEAN,G. K-12 / 3501 +,3,DE,,1,OCEAN
29,2480,58644917,37511552,35634769,1228291,648492,7280719,6577302,3866402,3367066,7643943,4900039,0,1771412,384240,4557,LACEY TWP,OCEAN,G. K-12 / 3501 +,3,DE,,1,OCEAN
29,2500,5478383,3520382,3355199,110683,54500,659807,552036,767423,651623,500871,259071,0,18000,22000,439,LAKEHURST BORO,OCEAN,C. K-8 / 401 - 750,2,B,,1,OCEAN
29,2520,68259940,41567986,40112886,861150,593950,12345589,9134539,6317717,4864467,6946352,232052,0,1014295,47586,5366,LAKEWOOD TWP,OCEAN,G. K-12 / 3501 +,3,,,1,OCEAN
29,2550,2784356,1723597,1653897,46150,23550,396068,287360,309816,258756,266237,136637,10000,70912,42500,171,LAVALLETTE BORO,OCEAN,B. K-8 / 0 - 400,2,DE,,1,OCEAN
29,2690,23659441,14516624,14050820,420414,45390,4607213,3643115,2542281,2006578,1963406,1169611,0,5540,12000,1876,LITTLE EGG HARBOR TWP,OCEAN,A. K-6,1,B,,1,OCEAN
29,2760,5468308,3140832,2916764,149300,74768,1010386,946586,418392,324202,804016,413516,0,3516,30000,249,LONG BEACH ISLAND,OCEAN,A. K-6,1,FG,,1,OCEAN
29,2940,42577609,25745874,25087339,526635,131900,5940823,5499181,3934311,3412375,5244361,2151317,0,1050668,575640,3098,MANCHESTER TWP,OCEAN,F. K-12 / 1801 - 3500,3,B,,1,OCEAN
29,3790,21691639,12910965,11572520,1190195,148250,2297067,2052942,4199794,3257534,2912645,902745,0,216000,212621,1837,OCEAN COUNTY VOCATIONAL,OCEAN,J. VOC,8,,,1,OCEAN
29,3800,2513076,1432049,1321499,68250,42300,513305,420380,286431,238106,253626,105624,5000,4697,0,166,OCEAN GATE BORO,OCEAN,A. K-6,1,B,,1,OCEAN
29,3820,8971084,5358974,5055239,244823,58912,1473371,1252932,841880,748543,1183934,536054,55000,42099,22210,551,OCEAN TWP,OCEAN,A. K-6,1,CD,,1,OCEAN
29,4105,27121837,14623708,13867633,379540,376535,4808317,4389589,2783774,2242939,3704774,1634785,0,977531,0,1737,PINELANDS REGIONAL,OCEAN,H. 7-12 / 9-12,4,B,,1,OCEAN
29,4190,21294902,12428553,11678701,627876,121976,3395075,3074718,2410355,2062616,2213660,379673,0,805626,0,1653,PLUMSTED TWP,OCEAN,E. K-12 / 0 - 1800,3,DE,,1,OCEAN
29,4210,34227080,20060227,18920462,886200,253565,5365524,4787080,3786679,3282002,3777840,193621,0,1086520,1159998,2915,POINT PLEASANT BORO,OCEAN,F. K-12 / 1801 - 3500,3,FG,,1,OCEAN
29,4220,12572972,7049038,6643130,288295,117613,1778472,1577772,1194380,1062260,1668310,835494,0,860788,5923,825,POINT PLEASANT BEACH BORO,OCEAN,E. K-12 / 0 - 1800,3,FG,,1,OCEAN
29,4710,3547644,2006175,1949925,47750,8500,882573,552573,320923,199423,326403,162903,0,1820,0,230,SEASIDE HEIGHTS BORO,OCEAN,A. K-6,1,A,,1,OCEAN
29,4950,47084426,28027709,26821759,741205,464745,5928528,5773761,4887812,4252790,6602612,3554259,0,1492687,803650,3138,SOUTHERN REGIONAL,OCEAN,H. 7-12 / 9-12,4,DE,,1,OCEAN
29,5020,31582121,18049749,16855344,794204,400201,5770960,5527600,2992526,2759855,4413739,2283290,0,0,440348,2299,STAFFORD TWP,OCEAN,A. K-6,1,DE,,1,OCEAN
29,5190,188628763,115307903,110814243,2672060,1821600,24211956,22821203,17070180,14991016,21945578,14411478,0,5483641,476500,16827,TOMS RIVER REGIONAL,OCEAN,G. K-12 / 3501 +,3,DE,,1,OCEAN
29,5220,4174994,2528832,2403325,92905,32602,676973,493633,340020,278070,552201,249976,0,57700,0,362,TUCKERTON BORO,OCEAN,A. K-6,1,CD,,1,OCEAN
31,420,10104487,5282190,5059912,156642,65636,2411610,1763548,1199952,996812,1116757,172279,0,55159,49000,618,BLOOMINGDALE BORO,PASSAIC,C. K-8 / 401 - 750,2,FG,,1,PASSAIC
31,900,124043325,79111392,74774077,3646028,691287,18869774,16268273,12703331,9382056,10643856,6767812,0,1897841,183377,11158,CLIFTON CITY,PASSAIC,G. K-12 / 3501 +,3,CD,,1,PASSAIC
31,1920,12092526,7770677,7402820,125987,241870,1766301,1480811,1388630,676560,1075024,403709,0,77382,120000,1045,HALEDON BORO,PASSAIC,D. K-8 / 751 +,2,B,,1,PASSAIC
31,2100,31921852,19393474,18977724,362088,53662,4880112,3874633,3278254,2684754,3465659,2360841,0,725689,0,2474,HAWTHORNE BORO,PASSAIC,F. K-12 / 1801 - 3500,3,DE,,1,PASSAIC
31,2510,18224237,10365829,9840852,350146,174831,3172930,2721145,1574461,1162147,1854923,759208,0,1009315,76000,1105,LAKELAND REGIONAL,PASSAIC,H. 7-12 / 9-12,5,FG,,1,PASSAIC
31,2700,12481938,7859276,7446850,234202,178224,2177229,1846634,1248354,1077269,1137754,656621,0,39332,0,917,LITTLE FALLS TWP,PASSAIC,D. K-8 / 751 +,2,FG,,1,PASSAIC
31,3640,8192706,5209758,4906598,170010,133150,1208106,1040420,997126,788632,725974,297474,0,32911,0,713,NORTH HALEDON BORO,PASSAIC,C. K-8 / 401 - 750,2,FG,,1,PASSAIC
31,3970,260076890,155452287,127868117,10961256,16622914,46547784,34675995,18187938,16257705,35825987,8645488,0,1278435,566976,13863,PASSAIC CITY,PASSAIC,G. K-12 / 3501 +,3,A,1,1,PASSAIC
31,3980,11256927,6354005,6034822,143583,175600,2115501,1109016,1343369,1057292,976849,413810,0,466223,0,875,PASSAIC CO MANCHESTER REG,PASSAIC,H. 7-12 / 9-12,5,B,,1,PASSAIC
31,3990,19209342,11040572,10675162,347267,18143,1836009,1635974,2077607,1663625,3148626,1786444,0,1090718,433097,1431,PASSAIC VALLEY REGIONAL,PASSAIC,H. 7-12 / 9-12,5,DE,,1,PASSAIC
31,3995,67279998,36626900,33734399,2261008,631493,12691107,11442935,6267004,5174962,9508235,4972613,0,2039563,325758,3273,PASSAIC COUNTY VOCATIONAL,PASSAIC,J. VOC,8,,,1,PASSAIC
31,4010,400264370,224164079,214252756,7436428,2474895,82457065,74893421,36870646,29352026,54075708,15007142,0,1917595,727858,25367,PATERSON CITY,PASSAIC,G. K-12 / 3501 +,3,A,1,1,PASSAIC
31,4230,26534082,15707482,15122604,476962,107916,3806003,3483874,3164467,2804845,3136453,1644933,0,719677,40000,1705,POMPTON LAKES BORO,PASSAIC,E. K-12 / 0 - 1800,3,FG,,1,PASSAIC
31,4270,10651940,6903961,6179961,588000,136000,1418930,1006543,1225809,933309,1052537,490537,0,0,300000,894,PROSPECT PARK BORO,PASSAIC,D. K-8 / 751 +,2,B,,1,PASSAIC
31,4400,17841216,11594936,10956059,226485,412392,2291095,2089335,1733362,1468508,2102597,1170685,0,35037,0,1236,RINGWOOD BORO,PASSAIC,D. K-8 / 751 +,2,GH,,1,PASSAIC
31,5200,13777697,8277268,7877768,272500,127000,2348118,1974218,1691454,1356569,1443302,912943,0,7555,12000,951,TOTOWA BORO,PASSAIC,D. K-8 / 751 +,2,CD,,1,PASSAIC
31,5440,14147412,9438335,9144396,273355,20584,1904625,1455164,1359464,917056,1322867,313847,0,101963,0,936,WANAQUE BORO,PASSAIC,D. K-8 / 751 +,2,DE,,1,PASSAIC
31,5570,126653462,72499928,70047852,1313047,1139029,21429948,19648529,11898983,10319336,16223861,8911771,0,3184087,7500,8630,WAYNE TWP,PASSAIC,G. K-12 / 3501 +,3,GH,,1,PASSAIC
31,5650,58054379,34256088,33015006,1130948,110134,8770460,8082234,5917102,5179807,7184618,4190025,0,1079023,239320,3839,WEST MILFORD TWP,PASSAIC,G. K-12 / 3501 +,3,FG,,1,PASSAIC
31,5690,13898705,8548703,8128752,350991,68960,2143944,1604864,1719469,1440832,1479440,839201,0,0,17714,1145,WOODLAND PARK,PASSAIC,D. K-8 / 751 +,2,DE,,1,PASSAIC
33,60,4978871,3195605,2922841,218288,54476,599041,497703,611952,519368,522618,206598,5000,42861,36000,434,ALLOWAY TWP,SALEM,C. K-8 / 401 - 750,2,DE,,1,SALEM
33,1350,1489419,963961,877385,63100,23476,188040,110414,196315,127288,132623,38895,7148,619,0,116,ELSINBORO TWP,SALEM,B. K-8 / 0 - 400,2,DE,,1,SALEM
33,2800,3470952,2217410,2031965,101085,84360,359392,130081,371850,203400,439450,49007,25000,2772,34816,211,LOWER ALLOWAYS CREEK,SALEM,B. K-8 / 0 - 400,2,CD,,1,SALEM
33,2950,2544780,1666659,1587463,38171,41025,306202,237812,295694,143765,256888,136888,8000,1150,0,185,MANNINGTON TWP,SALEM,B. K-8 / 0 - 400,2,CD,,1,SALEM
33,3860,2890537,1768046,1690051,54995,23000,365421,331206,323060,260275,416043,163893,2817,15150,38000,232,OLDMANS TWP,SALEM,B. K-8 / 0 - 400,2,CD,,1,SALEM
33,4070,29314333,18163842,16943384,551103,669355,3593801,3139323,3419347,2675844,3699311,2185520,0,423002,50000,2087,PENNS GRV-CARNEY'S PT REG,SALEM,F. K-12 / 1801 - 3500,3,A,,1,SALEM
33,4075,25079242,14400829,13175917,1037250,187662,4076395,3557646,3263673,2745870,2758667,475042,0,579678,0,1847,PENNSVILLE,SALEM,F. K-12 / 1801 - 3500,3,CD,,1,SALEM
33,4150,22459565,11975537,10624121,379129,972287,3671403,3082110,2988934,2487116,3055843,1283642,0,500420,61740,1881,PITTSGROVE TWP,SALEM,E. K-12 / 0 - 1800,3,CD,,1,SALEM
33,4280,4246562,2516262,2334622,98150,83490,525305,408780,606001,477534,569421,240411,0,28274,0,391,QUINTON TWP,SALEM,B. K-8 / 0 - 400,2,A,,1,SALEM
33,4630,21196037,12184944,11479433,374828,330683,3776146,3323157,2071860,1770317,2724311,1302713,0,409836,10940,1189,SALEM CITY,SALEM,E. K-12 / 0 - 1800,3,A,1,1,SALEM
33,4635,4520097,2744345,2685026,27000,32319,377273,303850,873284,712251,522150,64999,0,0,0,126,SALEM CO SPECIAL SERVICE,SALEM,I. CSSD,7,,,1,SALEM
33,4640,7003867,4074771,2628286,79566,1366919,1039750,890193,865563,547688,1004313,418424,0,19470,46420,758,SALEM COUNTY VOCATIONAL,SALEM,J. VOC,8,,,1,SALEM
33,5320,4634428,2888003,2695747,151856,40400,550707,428657,535388,244282,566558,212058,0,40029,75489,374,UPPER PITTSGROVE TWP,SALEM,B. K-8 / 0 - 400,2,CD,,1,SALEM
33,5910,19729507,11830803,11240885,365122,224796,2642771,2338725,2542162,2110222,2099170,1214820,0,605719,0,1660,WOODSTOWN-PILESGROVE REG,SALEM,E. K-12 / 0 - 1800,3,FG,,1,SALEM
35,240,9540597,5869469,5531304,134045,204120,1613123,1430717,932083,815084,999482,463976,0,115761,83539,578,BEDMINSTER TWP,SOMERSET,C. K-8 / 401 - 750,2,I,,1,SOMERSET
35,350,74843969,45695831,43067482,2338066,290283,11565781,10653364,6806841,5985573,9034235,433976,0,1741281,136476,5593,BERNARDS TWP,SOMERSET,G. K-12 / 3501 +,3,J,,1,SOMERSET
35,490,20093017,11305277,10045858,1012650,246769,2584331,1963669,2610106,2109341,2963731,1382430,0,569482,84308,1585,BOUND BROOK BORO,SOMERSET,E. K-12 / 0 - 1800,3,B,,1,SOMERSET
35,510,24419072,15167776,14437645,644238,85893,3581825,3285139,3022763,2336311,2154378,530814,0,208281,216500,1711,BRANCHBURG TWP,SOMERSET,D. K-8 / 751 +,2,I,,1,SOMERSET
35,555,124192089,77447914,73751159,2556113,1140642,16389796,15364058,12508179,10656387,11791118,2484448,0,2189990,417808,8679,BRIDGEWATER-RARITAN REG,SOMERSET,G. K-12 / 3501 +,3,I,,1,SOMERSET
35,1610,108149787,61076306,57432792,2097834,1545680,19634897,16620046,10698358,9225714,14715898,8328279,0,1704970,29225,7934,FRANKLIN TWP,SOMERSET,G. K-12 / 3501 +,3,GH,,1,SOMERSET
35,1810,13118525,8576935,8110884,409957,56094,1600124,1051770,1477209,1127981,1324665,496345,0,88592,221005,1020,GREEN BROOK TWP,SOMERSET,D. K-8 / 751 +,2,GH,,1,SOMERSET
35,2170,97310380,59706513,58395122,1256720,54671,18887293,13766064,8163104,7248321,8726911,4557952,0,1658651,112964,7251,HILLSBOROUGH TWP,SOMERSET,G. K-12 / 3501 +,3,I,,1,SOMERSET
35,3000,17684328,9249812,8726112,331500,192200,2775830,2538480,2153023,1758773,2747450,1576941,0,584443,0,1296,MANVILLE BORO,SOMERSET,E. K-12 / 0 - 1800,3,CD,,1,SOMERSET
35,3320,65545736,39380455,37665861,1443815,270779,8890505,8141946,6940599,5843085,7942829,3704275,0,1673157,155302,5036,MONTGOMERY TWP,SOMERSET,G. K-12 / 3501 +,3,J,,1,SOMERSET
35,3670,47130858,27582866,26418067,770977,393822,7641818,6817018,4482266,3831466,6278254,3715236,0,1043126,702900,3425,NORTH PLAINFIELD BORO,SOMERSET,F. K-12 / 1801 - 3500,3,DE,,1,SOMERSET
35,4810,13601126,6509197,5827185,386489,295523,1843908,1740601,2387268,2013110,2693434,891970,0,132025,0,532,SOMERSET CO VOCATIONAL,SOMERSET,J. VOC,8,,,1,SOMERSET
35,4815,29603133,17057645,16091006,740774,225865,4941255,4214108,3247142,2794675,3198355,1648645,0,1125336,99600,2054,SOMERSET HILLS REGIONAL,SOMERSET,F. K-12 / 1801 - 3500,3,I,,1,SOMERSET
35,4820,33624465,20986012,19838596,868391,279025,4381175,3893081,3835358,3139226,2868741,1165741,0,1204926,134400,2493,SOMERVILLE BORO,SOMERSET,F. K-12 / 1801 - 3500,3,FG,,1,SOMERSET
35,4850,6424813,3554979,3311017,179055,64907,1330477,1090598,671895,570255,663778,21083,0,28044,0,489,SOUTH BOUND BROOK,SOMERSET,C. K-8 / 401 - 750,2,B,,1,SOMERSET
35,5470,35585175,22573520,21191512,937488,444520,5635521,4714744,2954774,2502106,4064845,2412665,0,167064,298500,2117,WARREN TWP,SOMERSET,D. K-8 / 751 +,2,I,,1,SOMERSET
35,5540,9943705,5660607,5338604,257341,64662,1564704,1369613,1214927,1017883,1388688,727564,0,72168,55000,708,WATCHUNG BORO,SOMERSET,C. K-8 / 401 - 750,2,I,,1,SOMERSET
35,5550,31016032,18012335,16524287,973836,514212,3608683,3391640,3669762,3042297,4101614,1547902,0,1563252,306000,2186,WATCHUNG HILLS REGIONAL,SOMERSET,H. 7-12 / 9-12,5,I,,1,SOMERSET
37,90,8565550,5158718,4929800,203528,25390,1300486,878952,1143156,895556,891885,476935,0,71305,0,612,ANDOVER REG,SUSSEX,C. K-8 / 401 - 750,2,FG,,1,SUSSEX
37,640,13220229,7724192,7426992,292400,4800,2080532,1859107,1386951,1039755,1343377,614488,0,84000,0,1008,BYRAM TWP,SUSSEX,D. K-8 / 751 +,2,I,,1,SUSSEX
37,1560,9465310,6356575,6119420,171600,65555,1077176,999655,981196,842664,932344,420949,0,90324,0,566,FRANKFORD TWP,SUSSEX,C. K-8 / 401 - 750,2,FG,,1,SUSSEX
37,1570,7469486,4307053,4189192,97161,20700,1052489,947664,983566,829066,1010238,468238,13500,102640,0,507,FRANKLIN BORO,SUSSEX,C. K-8 / 401 - 750,2,CD,,1,SUSSEX
37,1630,4311640,2523277,2322147,82393,118737,677948,509223,604311,433035,462413,254097,500,35600,31000,339,FREDON TWP,SUSSEX,A. K-6,1,GH,,1,SUSSEX
37,1800,6536434,3980878,3815278,155700,9900,894963,750305,920496,695098,692147,303997,0,42430,15000,474,GREEN TWP,SUSSEX,C. K-8 / 401 - 750,2,I,,1,SUSSEX
37,1930,4895554,2942726,2702226,189700,50800,628241,556191,523410,388296,728177,276877,10000,59815,0,270,HAMBURG BORO,SUSSEX,B. K-8 / 0 - 400,2,DE,,1,SUSSEX
37,1980,5662325,3650568,3517999,118569,14000,672558,558684,745008,646458,569173,267048,0,24895,0,393,HAMPTON TWP,SUSSEX,A. K-6,1,GH,,1,SUSSEX
37,2030,9956213,5819507,5610291,148893,60323,1084843,956520,1223663,1006037,1255158,499379,0,88042,43205,770,HARDYSTON TWP,SUSSEX,D. K-8 / 751 +,2,FG,,1,SUSSEX
37,2165,20172146,11402217,10948190,337777,116250,2740525,2434597,1926772,1601059,2679843,1195443,0,1143305,30000,1050,HIGH POINT REGIONAL,SUSSEX,H. 7-12 / 9-12,5,DE,,1,SUSSEX
37,2240,30506098,17675237,16973537,610800,90900,4529838,4370438,3783837,3355176,3957520,1822376,0,511515,0,1996,HOPATCONG,SUSSEX,F. K-12 / 1801 - 3500,3,FG,,1,SUSSEX
37,2465,17419156,10482895,10098583,244962,139350,2160254,1990939,1887786,1588675,1821805,839575,0,973981,0,1146,KITTATINNY REGIONAL,SUSSEX,H. 7-12 / 9-12,4,FG,,1,SUSSEX
37,2490,3763042,2250724,2156217,77907,16600,530599,448224,491088,420688,452146,192721,0,34861,0,253,LAFAYETTE TWP,SUSSEX,B. K-8 / 0 - 400,2,GH,,1,SUSSEX
37,2615,12429964,6601625,6252775,219300,129550,2119134,1781774,1420143,1230743,1551007,512790,0,720325,14100,795,LENAPE VALLEY REGIONAL,SUSSEX,H. 7-12 / 9-12,5,GH,,1,SUSSEX
37,3300,4550576,2694710,2620930,29653,44127,762333,611882,613426,492891,468224,191123,0,4678,0,316,MONTAGUE TWP,SUSSEX,B. K-8 / 0 - 400,2,B,,1,SUSSEX
37,3590,22493029,13070632,12381179,467240,222213,3081237,2884189,2872512,2380048,2429605,1407287,0,990946,0,1530,NEWTON TOWN,SUSSEX,E. K-12 / 0 - 1800,3,CD,,1,SUSSEX
37,3840,4036175,2266558,2187184,75074,4300,644432,553958,561406,430813,510659,287415,0,49801,27500,302,OGDENSBURG BORO,SUSSEX,B. K-8 / 0 - 400,2,FG,,1,SUSSEX
37,4650,2558852,1570477,1482335,65756,22386,422224,217864,290971,257851,256462,105621,10677,3560,2500,150,SANDYSTON-WALPACK TWP,SUSSEX,A. K-6,1,FG,,1,SUSSEX
37,4960,50866660,30981518,30103041,812407,66070,7469279,6598810,5140893,4123872,5924956,2918221,0,1094993,39795,3711,SPARTA TWP,SUSSEX,G. K-12 / 3501 +,3,I,,1,SUSSEX
37,5030,4731514,2639231,2416814,98539,123878,856511,637759,699045,544312,512224,198438,0,24503,21260,360,STANHOPE BORO,SUSSEX,B. K-8 / 0 - 400,2,GH,,1,SUSSEX
37,5040,5586503,3516830,3413094,103536,200,734153,667571,706273,558183,600208,267204,0,29040,0,366,STILLWATER TWP,SUSSEX,A. K-6,1,FG,,1,SUSSEX
37,5100,19994683,12692564,12423937,212404,56223,2917507,2784175,2203870,1623566,1912150,1066893,0,97015,30000,1332,SUSSEX-WANTAGE REGIONAL,SUSSEX,D. K-8 / 751 +,2,DE,,1,SUSSEX
37,5110,12103035,6258844,5625332,568448,65064,1724320,1559442,1349827,1095718,2028477,1009334,0,693263,35531,701,SUSSEX COUNTY VOCATIONAL,SUSSEX,J. VOC,8,,,1,SUSSEX
37,5360,61448355,36994816,34445387,1604329,945100,10211731,8906339,5629313,4913549,7347557,3824953,0,1229275,115000,3717,VERNON TWP,SUSSEX,G. K-12 / 3501 +,3,FG,,1,SUSSEX
37,5435,11154225,6675521,6475539,156365,43617,1399284,1301209,1182145,1006974,1359514,778516,0,537761,25500,707,WALLKILL VALLEY REGIONAL,SUSSEX,H. 7-12 / 9-12,5,DE,,1,SUSSEX
39,310,38381410,23736958,22911469,591833,233656,5516082,5217107,3993914,3386949,3572821,2382003,0,1472536,183373,2795,BERKELEY HEIGHTS TWP,UNION,F. K-12 / 1801 - 3500,3,I,,1,UNION
39,850,28966441,16928070,15844646,473914,609510,4749745,4308198,3039285,2463320,3330792,827336,0,875866,0,2323,CLARK TWP,UNION,F. K-12 / 1801 - 3500,3,FG,,1,UNION
39,980,51757692,31272485,29976109,905174,391202,7771038,6678958,5658017,4964514,5776708,3356074,0,1166078,185000,3899,CRANFORD TWP,UNION,G. K-12 / 3501 +,3,I,,1,UNION
39,1320,416451869,251495806,235371034,11178151,4946621,64361858,57238188,35448368,28342212,59522075,34283607,0,3761095,1251349,23505,ELIZABETH CITY,UNION,G. K-12 / 3501 +,3,A,1,1,UNION
39,1710,4350205,2469148,2317878,146270,5000,596460,511500,555749,430799,674283,355984,0,50729,7960,402,GARWOOD BORO,UNION,B. K-8 / 0 - 400,2,DE,,1,UNION
39,2190,40861460,24791779,23736608,835883,219288,4866932,4440897,4910622,4183765,5554818,3695661,0,667316,380326,3139,HILLSIDE TWP,UNION,F. K-12 / 1801 - 3500,3,CD,,1,UNION
39,2420,18656608,11699919,11048115,552055,99749,2630201,2424659,1984974,1516239,1658482,613741,0,645944,24800,1354,KENILWORTH BORO,UNION,E. K-12 / 0 - 1800,3,DE,,1,UNION
39,2660,88354217,53621583,50626733,1641265,1353585,12920650,11182016,8864723,6782646,11605273,6628737,0,1265092,639200,6014,LINDEN CITY,UNION,G. K-12 / 3501 +,3,B,,1,UNION
39,3470,9368480,5599989,5478601,94100,27288,1596661,1181239,1029968,840638,1043290,498310,0,98572,0,816,MOUNTAINSIDE BORO,UNION,D. K-8 / 751 +,2,I,,1,UNION
39,3560,29896260,18116928,17455585,622963,38380,4376432,4084955,3455663,2912353,2874922,1925039,0,998764,43945,2226,NEW PROVIDENCE BORO,UNION,F. K-12 / 1801 - 3500,3,I,,1,UNION
39,4160,110488670,61379134,59121859,1463613,793662,18389537,16351077,12083095,9831581,16835773,10206409,0,1240369,410625,7064,PLAINFIELD CITY,UNION,G. K-12 / 3501 +,3,B,1,1,UNION
39,4290,52871817,32726892,31276740,965327,484825,8623821,7293454,5047828,3993578,5222202,2896726,0,1148283,140000,3905,RAHWAY CITY,UNION,G. K-12 / 3501 +,3,CD,,1,UNION
39,4540,41921354,26301872,24442755,1344273,514844,5828447,4510150,4814746,4141325,4383537,1737395,0,590123,73693,2669,ROSELLE BORO,UNION,F. K-12 / 1801 - 3500,3,B,,1,UNION
39,4550,27450633,16360346,15994154,217417,148775,4222104,3895458,3082031,2557746,2920602,1508047,0,656869,0,1984,ROSELLE PARK BORO,UNION,F. K-12 / 1801 - 3500,3,DE,,1,UNION
39,4670,68816560,42337349,40388403,1368410,580536,9958103,8698299,6398188,5489654,8383177,5281426,0,1588606,116350,5442,SCOTCH PLAINS-FANWOOD REG,UNION,G. K-12 / 3501 +,3,I,,1,UNION
39,5000,30036991,17414528,16782701,461970,169857,4583152,3713050,2814266,2252477,4042894,1994939,0,926466,410488,2196,SPRINGFIELD TWP,UNION,F. K-12 / 1801 - 3500,3,GH,,1,UNION
39,5090,57960512,36341005,34931919,1113912,295174,6886040,6380504,7432764,6690747,5788503,3666447,0,1501954,557900,4101,SUMMIT CITY,UNION,G. K-12 / 3501 +,3,I,,1,UNION
39,5260,19990800,11997075,10400075,892000,705000,1126083,1068583,2603176,2130826,3783978,542978,0,221547,0,1702,UNION COUNTY VOCATIONAL,UNION,J. VOC,8,,,1,UNION
39,5290,99261895,59103835,56666707,1955673,481455,14335287,13620028,9683980,7692081,14251746,7173929,0,1270219,1345337,7501,UNION TWP,UNION,G. K-12 / 3501 +,3,DE,,1,UNION
39,5730,80124991,49750088,47121269,1719014,909805,13243366,11341581,8590207,7163035,7029922,4687871,0,1511407,17634,6258,WESTFIELD TOWN,UNION,G. K-12 / 3501 +,3,I,,1,UNION
39,5810,2431576,1501161,1442982,44729,13450,380358,269175,218845,185261,304356,195156,0,26856,15000,154,WINFIELD TWP,UNION,B. K-8 / 0 - 400,2,B,,1,UNION
41,30,5836572,3036398,2896904,85953,53541,841760,782303,658174,476599,784539,341283,0,97008,25000,435,ALLAMUCHY TWP,WARREN,C. K-8 / 401 - 750,2,I,,1,WARREN
41,70,3702791,2433278,2293300,84869,55109,549890,455241,391902,243325,317411,180161,0,10311,0,275,ALPHA BORO,WARREN,B. K-8 / 0 - 400,2,B,,1,WARREN
41,280,11238874,6141237,5900637,228600,12000,1556331,1341581,1517809,1308184,1508092,564488,0,515405,34300,781,BELVIDERE TOWN,WARREN,E. K-12 / 0 - 1800,3,DE,,1,WARREN
41,400,7598775,4639207,4302217,242990,94000,1546009,1434159,696260,572510,669024,225974,0,30929,0,578,BLAIRSTOWN TWP,WARREN,A. K-6,1,FG,,1,WARREN
41,1620,4564415,2779224,2661866,90284,27074,867120,685847,474382,408007,415859,238009,0,22913,0,280,FRANKLIN TWP,WARREN,A. K-6,1,DE,,1,WARREN
41,1670,2274092,1451919,1356254,53665,42000,236492,143885,317555,290265,268126,67610,0,0,0,164,FRELINGHUYSEN TWP,WARREN,A. K-6,1,GH,,1,WARREN
41,1785,10634523,6736706,6330866,277812,128028,1469947,1321217,1182478,992628,1220055,614047,0,19336,0,876,GREAT MEADOWS REGIONAL,WARREN,D. K-8 / 751 +,2,GH,,1,WARREN
41,1840,9083238,5819281,5424404,262692,132185,1362847,1034051,1001537,791859,878957,349648,0,0,0,832,GREENWICH TWP,WARREN,D. K-8 / 751 +,2,I,,1,WARREN
41,1870,27235973,15529563,14418309,606051,505203,4605915,4159558,2778481,2295645,3180821,938687,0,1141194,205734,1857,HACKETTSTOWN,WARREN,F. K-12 / 1801 - 3500,3,DE,,1,WARREN
41,2040,4261858,2587862,2381680,138000,68182,665219,577369,440710,302010,540371,192411,0,27696,26800,280,HARMONY TWP,WARREN,B. K-8 / 0 - 400,2,DE,,1,WARREN
41,2250,2744974,1448585,1377430,34930,36225,517220,420070,370444,309694,380001,210551,0,23675,0,201,HOPE TWP,WARREN,B. K-8 / 0 - 400,2,FG,,1,WARREN
41,2470,3796365,2416839,2334271,56838,25730,466634,377014,497919,408156,395269,174377,0,14503,0,260,KNOWLTON TWP,WARREN,A. K-6,1,FG,,1,WARREN
41,2790,10794845,6888809,6568215,232109,88485,1196882,1059917,1151477,923732,1503583,778020,0,47014,0,877,LOPATCONG TWP,WARREN,D. K-8 / 751 +,2,DE,,1,WARREN
41,2970,8007711,5489170,5334976,81500,72694,1104236,1052604,761093,625712,637135,322115,0,0,0,718,MANSFIELD TWP,WARREN,A. K-6,1,FG,,1,WARREN
41,3675,13310690,7735927,7390517,216175,129235,1882297,1371847,1617347,1409306,1231452,558208,0,843667,0,998,NORTH WARREN REGIONAL,WARREN,H. 7-12 / 9-12,4,FG,,1,WARREN
41,3890,3956770,1789629,1688085,28460,73084,1310862,1042017,470951,416096,375628,126804,0,9700,0,300,OXFORD TWP,WARREN,B. K-8 / 0 - 400,2,DE,,1,WARREN
41,4100,57797572,34817878,33730372,775553,311953,8851765,7796521,6192039,4623143,6327429,3026926,0,1261375,38122,3712,PHILLIPSBURG TOWN,WARREN,G. K-12 / 3501 +,3,B,1,1,WARREN
41,4200,4980000,3148668,2881793,194550,72325,687408,517193,515223,417192,616873,246363,0,11358,0,355,POHATCONG TWP,WARREN,B. K-8 / 0 - 400,2,DE,,1,WARREN
41,5450,1320727,697311,526210,8000,163101,310384,301759,240202,151557,68094,0,0,0,0,34,WARREN CO SPECIAL SERVICE,WARREN,I. CSSD,7,,,1,WARREN
41,5460,7473294,4301941,4044265,221376,36300,745327,580842,1195142,826842,1048085,409200,0,180206,47000,532,WARREN COUNTY VOCATIONAL,WARREN,J. VOC,8,,,1,WARREN
41,5465,28162308,15816891,14623374,632228,561289,4282956,3446720,3295870,2557518,3244408,1773918,0,1493123,108919,1887,WARREN HILLS REGIONAL,WARREN,H. 7-12 / 9-12,4,FG,,1,WARREN
41,5480,7247953,4921752,4641598,230995,49159,1062504,860694,604089,439589,659608,286333,0,0,0,538,WASHINGTON BORO,WARREN,A. K-6,1,DE,,1,WARREN
41,5530,7858166,4611499,4549876,39723,21900,1541596,1393241,984839,858039,670533,348233,0,22424,0,568,WASHINGTON TWP,WARREN,A. K-6,1,GH,,1,WARREN
41,5780,5317635,3242353,3143444,72909,26000,973460,768298,539796,274081,532126,225626,0,2000,0,348,WHITE TWP,WARREN,B. K-8 / 0 - 400,2,DE,,1,WARREN
